Date,Days,Confirmed,Active,Recovered,Dead,total_vaccinations,people_vaccinated,people_fully_vaccinated,Detected,Severe,Critical
12/03/2020,0,2,2,0,0,,,,2,0,0
13/03/2020,1,2,2,0,0,,,,2,0,0
14/03/2020,2,2,2,0,0,,,,2,0,0
15/03/2020,3,2,2,0,0,,,,2,0,0
16/03/2020,4,6,6,0,0,,,,6,0,0
17/03/2020,5,7,7,0,0,,,,7,0,0
18/03/2020,6,9,9,0,0,,,,9,0,0
19/03/2020,7,11,11,0,0,,,,11,0,0
20/03/2020,8,16,16,0,0,,,,16,0,0
21/03/2020,9,21,20,0,1,,,,20,0,0
22/03/2020,10,24,23,0,1,,,,23,0,0
23/03/2020,11,27,25,0,2,,,,25,0,0
24/03/2020,12,53,51,0,2,,,,51,0,0
25/03/2020,13,68,66,0,2,,,,66,0,0
26/03/2020,14,119,116,0,3,,,,116,0,0
27/03/2020,15,128,122,2,4,,,,122,0,0
28/03/2020,16,141,135,2,4,,,,135,0,0
29/03/2020,17,152,145,2,5,,,,145,0,0
30/03/2020,18,152,145,2,5,,,,145,0,0
31/03/2020,19,161,153,3,5,,,,153,0,0
01/04/2020,20,195,187,3,5,,,,187,0,0
02/04/2020,21,204,196,3,5,,,,196,0,0
03/04/2020,22,205,197,3,5,,,,197,0,0
04/04/2020,23,214,206,3,5,,,,206,0,0
05/04/2020,24,214,206,3,5,,,,206,0,0
06/04/2020,25,287,279,3,5,,,,279,0,0
07/04/2020,26,313,304,3,6,,,,304,0,0
08/04/2020,27,313,304,3,6,,,,304,0,0
09/04/2020,28,378,368,4,6,,,,366,0,2
10/04/2020,29,408,396,4,8,,,,394,2,0
11/04/2020,30,566,554,4,8,,,,552,2,0
12/04/2020,31,566,554,4,8,,,,552,2,0
13/04/2020,32,566,554,4,8,,,,552,2,0
14/04/2020,33,636,611,17,8,,,,609,2,0
15/04/2020,34,641,550,83,8,,,,548,2,0
16/04/2020,35,641,550,83,8,,,,548,2,0
17/04/2020,36,641,550,83,8,,,,548,2,0
18/04/2020,37,834,743,83,8,,,,741,2,0
19/04/2020,38,1042,951,83,8,,,,949,2,0
20/04/2020,39,1042,951,83,8,,,,949,2,0
21/04/2020,40,1042,951,83,8,,,,949,2,0
22/04/2020,41,1279,1135,134,10,,,,1131,4,0
23/04/2020,42,1279,1135,134,10,,,,1131,4,0
24/04/2020,43,1279,1135,134,10,,,,1131,4,0
25/04/2020,44,1550,1384,155,11,,,,1378,6,0
26/04/2020,45,1550,1384,155,11,,,,1378,6,0
27/04/2020,46,1671,1467,188,16,,,,1461,6,0
28/04/2020,47,2074,1845,212,17,,,,1839,6,0
29/04/2020,48,2074,1845,212,17,,,,1839,6,0
30/04/2020,49,2074,1845,212,17,,,,1839,6,0
01/05/2020,50,2169,1922,229,18,,,,1916,6,0
02/05/2020,51,2719,2407,294,18,,,,2402,5,0
03/05/2020,52,2719,2407,294,18,,,,2402,5,0
04/05/2020,53,3091,2770,303,18,,,,2765,5,0
05/05/2020,54,3091,2770,303,18,,,,2765,5,0
06/05/2020,55,3091,2770,303,18,,,,2765,5,0
07/05/2020,56,4012,3671,323,18,,,,3663,8,0
08/05/2020,57,4263,3863,378,22,,,,3858,5,0
09/05/2020,58,4263,3863,378,22,,,,3858,5,0
10/05/2020,59,4700,4184,494,22,,,,4179,5,0
11/05/2020,60,5127,4611,494,22,,,,4606,5,0
12/05/2020,61,5127,4611,494,22,,,,4606,5,0
13/05/2020,62,5530,4833,674,24,,,,4828,5,0
14/05/2020,63,5638,4150,1460,28,,,,4142,8,0
15/05/2020,64,5735,3952,1754,29,,,,3947,5,0
16/05/2020,65,5735,3952,1754,29,,,,3947,5,0
17/05/2020,66,5918,4133,1754,31,,,,4128,5,0
18/05/2020,67,6096,4292,1773,31,,,,4284,8,0
19/05/2020,68,6269,4340,1898,31,,,,4332,8,0
20/05/2020,69,6486,4504,1951,31,,,,4492,12,0
21/05/2020,70,6617,4608,1978,31,,,,4592,16,0
22/05/2020,71,6683,4653,1998,32,,,,4637,16,0
23/05/2020,72,6808,4706,2070,32,,,,4691,15,0
24/05/2002,73,6964,4835,2097,32,,,,4820,15,0
25/05/2020,74,7117,4766,2317,34,,,,4749,14,3
26/05/2020,75,7303,4857,2412,34,,,,4840,14,3
27/05/2020,76,7616,5170,2412,34,,,,5152,17,1
28/05/2020,77,7768,5193,2540,35,,,,5173,15,5
29/05/2020,78,7881,5004,2841,36,,,,4984,15,5
30/05/2020,79,8070,5087,2947,36,,,,5071,13,3
31/05/2020,80,8297,5273,2986,38,,,,5257,13,3
01/06/20,81,8548,5378,3132,38,,,,5363,13,2
02/06/20,82,8885,5658,3189,38,,,,5647,9,2
03/06/20,83,9168,5669,3457,42,,,,5649,17,3
04/06/20,84,9462,5871,3547,44,,,,5851,17,3
05/06/20,85,9638,5958,3636,44,,,,5940,16,2
06/06/20,86,9910,6217,3645,48,,,,6193,20,4
07/06/20,87,10201,6398,3755,48,,,,6374,14,10
08/06/20,88,10358,6486,3824,48,,,,6462,14,10
09/06/20,89,10856,6887,3921,48,,,,6865,16,6
10/06/20,90,11118,7091,3979,48,,,,7071,16,4
11/06/20,91,11422,7215,4156,51,,,,7196,13,6
12/06/20,92,11717,7405,4258,54,,,,7387,13,5
13/06/2020,93,11964,7652,4258,54,,,,7633,13,6
14/06/2020,94,12193,7809,4326,58,,,,7792,13,4
15/06/2020,95,12590,8114,4410,66,,,,8097,13,4
16/06/2020,96,12929,8395,4468,66,,,,8377,14,4
17/06/2020,97,13203,8585,4548,70,,,,8557,22,6
18/06/2020,98,13717,3558,10074,85,,,,3530,22,6
19/06/2020,99,14007,3449,10473,85,,,,3421,22,6
20/06/2020,100,14154,3596,10473,85,,,,3566,24,6
21/06/2020,101,14568,3566,10907,95,,,,3536,24,6
22/06/2020,102,15013,3840,11078,95,,,,3810,24,6
23/06/2020,103,15473,3947,11431,95,,,,3917,24,6
24/06/2020,104,15834,3976,11755,103,,,,3946,24,6
25/06/2020,105,16431,4071,12257,103,,,,4039,26,6
26/06/2020,106,16742,3910,12720,112,,,,3880,24,6
27/06/2020,107,17351,4245,12994,112,,,,4215,24,6
28/06/2020,108,17741,4361,13268,112,,,,4331,24,6
29/06/2020,109,18134,4467,13550,117,,,,4442,20,5
30/06/2020,110,18892,5225,13550,117,,,,5200,20,5
01/07/20,111,19388,4941,14330,117,,,,4909,24,8
02/07/20,112,20085,5093,14870,122,,,,5063,22,8
03/07/20,113,21077,4878,16070,129,,,,4850,22,6
04/07/20,114,21968,4683,17156,129,,,,4655,22,6
05/07/20,115,22822,5129,17564,129,,,,5097,24,8
06/07/20,116,23463,4712,18622,129,,,,4678,26,8
07/07/20,117,23834,4487,19212,135,,,,4457,24,6
08/07/20,118,24248,4282,19831,135,,,,4252,24,6
09/07/20,119,24518,4192,20187,139,,,,4159,25,8
10/07/20,120,24899,3693,21067,139,,,,3660,25,8
11/07/20,121,25252,3716,21397,139,,,,3683,25,8
12/07/20,122,25430,3780,21511,139,,,,3747,25,8
13/07/2020,123,26125,3716,22270,139,,,,3683,25,8
14/07/2020,124,26572,3513,22915,144,,,,3480,25,8
15/07/2020,125,27060,3871,23044,145,,,,3838,25,8
16/07/2020,126,27667,4270,23249,148,,,,4237,25,8
17/07/2020,127,28430,3376,24901,153,,,,3343,25,8
18/07/2020,128,28989,3505,25331,153,,,,3471,26,8
19/07/2020,129,29672,3429,26090,153,,,,3398,25,6
20/07/2020,130,30366,3526,26687,153,,,,3494,26,6
21/07/2020,131,31057,3095,27801,161,,,,3067,23,5
22/07/2020,132,31851,3252,28438,161,,,,3219,25,8
23/07/2020,133,32437,3349,28927,161,,,,3318,23,8
24/07/2020,134,32969,3307,29494,168,,,,3273,26,8
25/07/2020,135,33624,3655,29801,168,,,,3623,24,8
26/07/2020,136,34406,3617,30621,168,,,,3584,25,8
27/07/2020,137,35142,3681,31286,175,,,,3652,23,6
28/07/2020,138,35501,3223,32096,182,,,,3193,22,8
29/07/2020,139,36227,3220,32825,182,,,,3190,22,8
30/07/2020,140,37014,3467,33365,182,,,,3437,22,8
31/07/2020,141,37812,3308,34313,191,,,,3280,22,6
01/08/20,142,38501,3528,34782,191,,,,3498,22,8
02/08/20,143,39075,3313,35563,199,,,,3283,23,7
03/08/20,144,39642,3059,36384,199,,,,3029,22,8
04/08/20,145,40097,3253,36638,206,,,,3221,25,7
05/08/20,146,40533,2625,37702,206,,,,2594,23,8
06/08/20,147,41003,2458,38330,215,,,,2430,22,6
07/08/20,148,41212,2270,38727,215,,,,2244,20,6
08/08/20,149,41404,2134,39055,215,,,,2108,20,6
09/08/20,150,41572,2029,39320,223,,,,2006,18,5
10/08/20,151,41725,2007,39495,223,,,,1985,16,6
11/08/20,152,41847,1906,39718,223,,,,1883,17,6
12/08/20,153,42063,1839,39993,231,,,,1816,17,6
13/08/2020,154,42210,1832,40147,231,,,,1811,16,5
14/08/2020,155,42532,1939,40362,231,,,,1915,18,6
15/08/2020,156,42653,1847,40567,239,,,,1825,16,6
16/08/2020,157,42993,1949,40796,248,,,,1927,16,6
17/08/2020,158,43094,1875,40963,256,,,,1853,16,6
18/08/2020,159,43260,1723,41276,261,,,,1704,14,5
19/08/2020,160,43325,1656,41408,261,,,,1638,14,4
20/08/2020,161,43505,1712,41532,261,,,,1692,16,4
21/08/2020,162,43622,1664,41695,263,,,,1642,16,6
22/08/2020,163,43622,1664,41695,263,,,,1642,16,6
23/08/2020,164,43769,1451,42048,270,,,,1429,16,6
24/08/2020,165,43841,1325,42246,270,,,,1306,14,5
25/08/2020,166,43949,1287,42392,270,,,,1265,16,6
26/08/2020,167,44118,1267,42581,270,,,,1245,16,6
27/08/2020,168,44205,1152,42777,276,,,,1132,15,5
28/08/2020,169,44298,1059,42963,276,,,,1039,15,5
29/08/2020,170,44460,1063,43121,276,,,,1041,16,6
30/08/2020,171,44617,988,43353,276,,,,968,15,5
31/08/2020,172,44658,904,43478,276,,,,882,16,6
01/09/20,173,44713,856,43577,280,,,,837,14,5
02/09/20,174,44777,801,43693,283,,,,782,14,5
03/09/20,175,44869,785,43801,283,,,,765,16,4
04/09/20,176,45012,831,43898,283,,,,809,16,6
05/09/20,177,45188,863,44042,283,,,,841,16,6
06/09/20,178,45313,842,44188,283,,,,821,16,5
07/09/20,179,45388,836,44267,285,,,,818,14,4
08/09/20,180,45434,806,44342,286,,,,788,14,4
09/09/20,181,45493,733,44471,289,,,,713,15,5
10/09/20,182,45572,639,44641,292,,,,621,14,4
11/09/20,183,45601,628,44679,294,,,,608,15,5
12/09/20,184,45655,564,44797,294,,,,544,15,5
13/09/2020,185,45714,524,44896,294,,,,504,15,5
14/09/2020,186,45760,492,44973,295,,,,470,16,6
15/09/2020,187,45857,533,45029,295,,,,513,15,5
16/09/2020,188,45877,499,45081,297,,,,478,16,5
17/09/2020,189,46004,554,45153,297,,,,532,16,6
18/09/2020,190,46062,507,45258,297,,,,487,15,5
19/09/2020,191,46116,529,45290,297,,,,507,16,6
20/09/2020,192,46153,555,45299,299,,,,533,16,6
21/09/2020,193,46222,506,45417,299,,,,484,16,6
22/09/2020,194,46353,477,45577,299,,,,455,16,6
23/09/2020,195,46387,470,45618,299,,,,448,16,6
24/09/2020,196,46444,499,45646,299,,,,477,16,6
25/09/2020,197,46482,530,45651,301,,,,508,16,6
26/09/2020,198,46626,568,45757,301,,,,546,16,6
27/09/2020,199,46656,413,45942,301,,,,391,16,6
28/09/2020,200,46694,448,45945,301,,,,431,13,4
29/09/2020,201,46768,503,45964,301,,,,485,14,4
30/09/2020,202,46803,494,46006,303,,,,472,16,6
01/10/20,203,46829,466,46060,303,,,,450,12,4
02/10/20,204,46829,466,46060,303,,,,450,12,4
03/10/20,205,46905,376,46223,306,,,,358,14,4
04/10/20,206,46947,382,46259,306,,,,365,13,4
05/10/20,207,46964,348,46310,306,,,,333,12,3
06/10/20,208,46987,303,46378,306,,,,288,12,3
07/10/20,209,47005,301,46398,306,,,,286,12,3
08/10/20,210,47030,298,46424,308,,,,283,12,3
09/10/20,211,47097,337,46452,308,,,,325,10,2
10/10/20,212,47126,347,46469,310,,,,333,12,2
11/10/20,213,47151,351,46490,310,,,,341,8,2
12/10/20,214,47173,336,46527,310,,,,326,8,2
13/10/20,215,47199,348,46541,310,,,,337,9,2
14/10/20,216,47232,344,46578,310,,,,333,9,2
15/10/20,217,47310,382,46618,310,,,,371,9,2
16/10/20,218,47372,398,46664,310,,,,389,7,2
17/10/20,219,47461,397,46752,312,,,,387,8,2
18/10/20,220,47538,437,46789,312,,,,425,9,3
19/10/20,221,47601,463,46824,314,,,,452,9,2
20/10/20,222,47649,479,46856,314,,,,468,9,2
21/10/20,223,47690,487,46887,316,,,,475,9,3
22/10/20,224,47745,510,46919,316,,,,499,9,2
23/10/20,225,47775,488,46971,316,,,,477,9,2
24/10/20,226,47775,488,46971,316,,,,477,9,2
25/10/20,227,47908,514,47076,318,,,,502,9,3
26/10/20,228,47991,535,47136,320,,,,524,8,3
27/10/20,229,48055,566,47169,320,,,,554,9,3
28/10/20,230,48124,589,47215,320,,,,578,8,3
29/10/20,231,48200,620,47260,320,,,,609,8,3
30/10/20,232,48200,620,47260,320,,,,609,8,3
31/10/20,233,48511,819,47372,320,,,,806,10,3
01/11/20,234,48643,877,47446,320,,,,855,16,6
02/11/20,235,48788,947,47521,320,,,,933,10,4
03/11/20,236,48904,973,47611,320,,,,960,10,3
04/11/20,237,49004,1018,47666,320,,,,1005,10,3
05/11/20,238,49202,1156,47726,320,,,,1141,11,4
06/11/20,239,49302,1139,47843,320,,,,1124,11,4
07/11/20,240,49572,1307,47945,320,,,,1292,11,4
08/11/20,241,49808,1469,48019,320,,,,1453,12,4
09/11/20,242,49957,1541,48096,320,,,,1526,11,4
10/11/20,243,50018,1519,48179,320,,,,1504,11,4
11/11/20,244,50123,1473,48328,322,,,,1457,12,4
12/11/20,245,50204,1321,48560,323,,,,1305,12,4
13/11/20,246,50376,1427,48626,323,,,,1411,12,4
14/11/20,247,50457,1424,48710,323,,,,1407,13,4
15/11/20,248,50559,1354,48882,323,,,,1339,11,4
16/11/20,249,50631,1205,49103,323,,,,1189,12,4
17/11/20,250,50717,1113,49281,323,,,,1098,12,3
18/11/20,251,50874,1146,49405,323,,,,1130,12,4
19/11/20,252,50941,1019,49599,323,,,,1004,11,4
20/11/20,253,51094,940,49831,323,,,,924,12,4
21/11/20,254,51184,832,50029,323,,,,815,13,4
22/11/20,255,51225,775,50127,323,,,,758,13,4
23/11/20,256,51274,746,50205,323,,,,729,13,4
24/11/20,257,51379,758,50298,323,,,,742,12,4
25/11/20,258,51476,795,50358,323,,,,779,12,4
26/11/20,259,51569,796,50450,323,,,,780,12,4
27/11/20,260,51667,797,50547,323,,,,781,12,4
28/11/20,261,51790,787,50680,323,,,,771,12,4
29/11/20,262,51893,791,50777,325,,,,775,12,4
30/11/20,263,52096,847,50924,325,,,,828,15,4
01/12/20,264,52198,854,51019,325,,,,835,15,4
02/12/20,265,52274,886,51063,325,,,,868,14,4
03/12/20,266,52371,892,51154,325,,,,873,15,4
04/12/20,267,52500,855,51319,326,,,,836,15,4
05/12/20,268,52622,872,51424,326,,,,853,15,4
06/12/20,269,52738,894,51518,326,,,,879,11,4
07/12/20,270,52844,897,51620,327,,,,882,12,3
08/12/20,271,52933,930,51676,327,,,,915,11,4
09/12/20,272,53014,926,51761,327,,,,912,12,2
10/12/20,273,53160,954,51879,327,,,,941,11,2
11/12/20,274,53270,978,51965,327,,,,965,11,2
12/12/20,275,53386,1011,52048,327,,,,998,12,1
13/12/20,276,53491,1001,52161,329,,,,988,11,2
14/12/20,277,53553,956,52266,331,,,,941,13,2
15/12/20,278,53553,956,52266,331,,,,941,13,2
16/12/20,279,53731,955,52445,331,,,,941,12,2
17/12/20,280,53856,988,52537,331,,,,974,12,2
18/12/20,281,53954,946,52675,333,,,,932,13,1
19/12/20,282,54043,933,52777,333,,,,920,12,1
20/12/20,283,54131,946,52852,333,,,,934,11,1
21/12/20,284,54221,980,52908,333,,,,967,11,2
22/12/20,285,54286,871,53082,333,,,,858,11,2
23/12/20,286,54401,888,53180,333,,,,876,11,1
24/12/20,287,54503,869,53301,333,,,,857,11,1
25/12/20,288,54503,869,53301,333,,,,857,11,1
26/12/20,289,54681,884,53462,335,,,,871,11,2
27/12/20,290,54771,842,53594,335,,,,830,11,1
28/12/20,291,54853,839,53679,335,,,,826,12,1
29/12/20,292,54930,837,53758,335,,,,824,11,2
30/12/20,293,55064,901,53828,335,,,,888,11,2
31/12/20,294,55168,905,53928,335,,,,893,11,1
01/01/21,295,55168,905,53928,335,,,,893,12,0
02/01/21,296,55168,905,53928,335,,,,893,12,0
03/01/21,297,55461,961,54164,336,,,,942,19,0
04/01/21,298,55620,982,54302,336,,,,964,18,0
05/01/21,299,55772,998,54438,336,,,,961,37,0
06/01/21,300,56037,1158,54543,336,,,,1114,44,0
07/01/21,301,56230,1261,54631,338,,,,1213,48,0
08/01/21,302,56421,1330,54753,338,,,,1284,46,0
09/01/21,303,56608,1353,54915,340,,,,1300,53,0
10/01/21,304,56806,1420,55046,340,,,,1376,44,0
11/01/21,305,56981,1404,55236,341,,,,1360,44,0
12/01/21,306,56981,1404,55236,341,,,,1360,44,0
13/01/21,307,57417,1664,55409,344,,,,1599,65,0
14/01/21,308,57714,1776,55592,346,,,,1711,65,0
15/01/21,309,58065,1924,55789,352,,,,1860,64,0
16/01/21,310,58431,2174,55899,358,,,,2040,134,0
17/01/21,311,58822,2178,56286,358,,,,2067,111,0
18/01/21,312,59480,2413,56706,361,,,,2302,111,0
19/01/21,313,60115,2799,56955,361,,,,2686,113,0
20/01/21,314,60794,3286,57141,367,,,,3179,107,0
21/01/21,315,61489,3525,57597,367,,,,3414,111,0
22/01/21,316,62135,3613,58150,372,,,,3505,108,0
23/01/21,317,62751,3813,58561,377,,,,3705,108,0
24/01/21,318,62751,3813,58561,377,,,,3705,108,0
25/01/21,319,63883,3940,59553,390,,,,3807,133,0
26/01/21,320,64630,4332,59900,398,,,,4199,133,0
27/01/21,321,65427,4665,60357,405,,,,4496,169,0
28/01/21,322,66216,4949,60856,411,,,,4780,169,0
29/01/21,323,67010,5358,61236,416,,,,5186,172,0
30/01/21,324,67782,5515,61843,424,,,,5355,160,0
31/01/21,325,68559,5786,62340,433,,,,5614,172,0
01/02/21,326,69255,6086,62729,440,,,,5953,133,0
02/02/21,327,70046,6095,63502,449,,,,5962,133,0
03/02/21,328,70768,6352,63959,457,,,,6219,133,0
04/02/21,329,71533,6411,64658,464,,,,6267,144,0
05/02/21,330,72328,6707,65149,472,,,,6559,148,0
06/02/21,331,73003,6938,65583,482,,,,6798,140,0
07/02/21,332,73557,6948,66115,494,,,,6806,142,0
08/02/21,333,74347,7509,66333,505,,,,7372,137,0
09/02/21,334,75118,7754,66846,518,,,,7619,135,0
10/02/21,335,75836,8216,67087,533,,,,8082,134,0
11/02/21,336,76492,7850,68100,542,,,,7732,118,0
12/02/21,337,77046,7778,68713,555,,,,7665,113,0
13/02/21,338,77748,7866,69321,561,,,,7752,114,0
14/02/21,339,78271,7931,69775,565,,,,7810,121,0
15/02/21,340,78689,7773,70348,568,,,,7653,120,0
16/02/21,341,79165,7572,71025,568,,,,7454,118,0
17/02/21,342,79655,6567,72516,572,,,,6437,130,0
18/02/21,343,80253,6658,73018,577,,,,6516,142,0
19/02/21,344,80759,6812,73365,582,,,,6689,123,0
20/02/21,345,81245,6614,74047,584,,,,6490,124,0
21/02/21,346,81673,6404,74681,588,,,,6287,117,0
22/02/21,347,82131,5933,75604,594,,,,5783,150,0
23/02/21,348,82586,5419,76573,594,,,,5301,118,0
24/02/21,349,83212,5480,77133,599,,,,5348,132,0
25/02/21,350,83614,5314,77698,602,,,,5187,127,0
26/02/21,351,84023,5444,77972,607,,,,5339,105,0
27/02/21,352,84349,5295,78443,611,,,,5295,0,0
28/02/21,353,84750,5206,78924,620,,,,5206,0,0
01/03/21,354,85239,5145,79465,629,0,0,,5145,0,0
02/03/21,355,85742,4928,80177,637,,,,4928,0,0
03/03/21,356,86092,4833,80619,640,,,,4833,0,0
04/03/21,357,86465,4866,80952,647,,,,4866,0,0
05/03/21,358,86737,4782,81299,656,,,,4782,0,0
06/03/21,359,86973,4607,81704,662,,,,4607,0,0
07/03/21,360,87075,4267,82141,667,,,,4267,0,0
08/03/21,361,87250,4077,82500,673,202252,202252,,4077,0,0
09/03/21,362,87480,3994,82807,679,,,,3994,0,0
10/03/21,363,87762,3908,83169,685,300000,300000,,3908,0,0
11/03/21,364,87985,3673,83621,691,,,,3673,0,0
12/03/21,365,88228,3701,83829,698,,,,3701,0,0
13/03/21,366,88421,3621,84095,705,,,,3621,0,0
14/03/21,367,88421,3621,84095,705,,,,3621,0,0
15/03/21,368,89008,3343,84952,713,,,,3343,0,0
16/03/21,369,89276,3338,85222,716,,,,3338,0,0
17/03/21,370,89500,3325,85455,720,,,,3325,0,0
18/03/21,371,89682,3196,85761,725,420000,420000,,3196,0,0
19/03/21,372,89787,3091,85965,731,,,,3091,0,0
20/03/21,373,89893,2911,86248,734,,,,2911,0,0
21/03/21,374,89999,2641,86621,737,,,,2641,0,0
22/03/21,375,90094,2605,86749,740,,,,2605,0,0
23/03/21,376,90166,2401,87025,740,,,,2401,0,0
24/03/21,377,90287,2410,87137,740,500000,500000,,2410,0,0
25/03/21,378,90287,2410,87137,740,,,,2410,0,0
26/03/21,379,90287,2410,87137,740,,,,2410,0,0
27/03/21,380,90552,1844,87966,742,,,,1844,0,0
28/03/21,381,90583,1775,88065,743,,,,1775,0,0
29/03/21,382,90449,1546,88159,744,,,,1546,0,0
30/03/21,383,90674,1504,88426,744,,,,1504,0,0
31/03/21,384,,,,,,,,,,
01/04/21,385,,,,,,,,,,
02/04/21,386,,,,,,,,,,
03/04/21,387,,,,,,,,,,
04/04/21,388,,,,,,,,,,
05/04/21,389,,,,,,,,,,
06/04/21,390,,,,,,,,,,
07/04/21,391,,,,,599128,599128,,,,
08/04/21,392,,,,,647380,647380,,,,
09/04/21,393,,,,,681211,681211,,,,
10/04/21,394,,,,,,,,,,
11/04/21,395,,,,,703752,703752,,,,
12/04/21,396,,,,,742349,742349,,,,
13/04/21,397,,,,,,,,,,
14/04/21,398,,,,,,,,,,
15/04/21,399,,,,,755686,755686,,,,
16/04/21,400,,,,,,,,,,
17/04/21,401,,,,,,,,,,
18/04/21,402,,,,,,,,,,
19/04/21,403,,,,,,,,,,
20/04/21,404,,,,,842521,842521,,,,
21/04/21,405,,,,,,,,,,
22/04/21,406,,,,,,,,,,
23/04/21,407,,,,,,,,,,
24/04/21,408,,,,,,,,,,
25/04/21,409,,,,,,,,,,
26/04/21,410,,,,,846588,846588,,,,
27/04/21,411,,,,,,,,,,
28/04/21,412,,,,,,,,,,
29/04/21,413,92683,1580,90324,779,,,,1550,24,6
30/04/21,414,92740,1584,90376,780,,,,1554,24,6
01/05/21,415,92740,1584,90376,780,,,,1554,24,6
02/05/21,416,92828,1583,90462,783,,,,1553,24,6
03/05/21,417,92856,1593,90480,783,,,,1564,23,6
04/05/21,418,92856,1593,90480,783,,,,1564,23,6
05/05/21,419,92951,1600,90568,783,,,,1570,24,6
06/05/21,420,93011,1531,90697,783,,,,1501,23,7
07/05/21,421,93011,1531,90697,783,,,,1501,23,7
08/05/21,422,93085,1519,90783,783,,,,1489,23,7
09/05/21,423,93125,1432,90910,783,,,,1403,22,7
10/05/21,424,93159,1384,90992,783,,,,1353,24,7
11/05/21,425,93242,1313,91146,783,,,,1282,24,7
12/05/21,426,93242,1313,91146,783,,,,1282,24,7
13/05/21,427,93333,1298,91252,783,,,,1266,24,8
14/05/21,428,93390,1308,91299,783,,,,1276,24,8
15/05/21,429,93456,1325,91348,783,,,,1293,24,8
16/05/21,430,93456,1325,91348,783,,,,1293,24,8
17/05/21,431,93521,1280,91458,783,,,,1251,22,7
18/05/21,432,93583,1289,91511,783,,,,1260,22,7
19/05/21,433,93620,1256,91581,783,,,,1228,21,7
20/05/21,434,93644,1259,91602,783,,,,1232,21,6
21/05/21,435,93644,1259,91602,783,,,,1232,21,6
22/05/21,436,93711,1221,91707,783,,,,1194,21,6
23/05/21,437,93723,1197,91743,783,,,,1172,19,6
24/05/21,438,93775,1138,91853,784,847871,847871,,1114,18,6
25/05/21,439,93775,1138,91853,784,,,,1114,18,6
26/05/21,440,93898,1152,91961,785,,,,1128,18,6
27/05/21,441,93898,1152,91961,785,,,,1128,18,6
28/05/21,442,94011,1169,92057,785,,,,1145,18,6
29/05/21,443,94012,1170,92057,785,,,,1146,18,6
30/05/21,444,94012,1170,92057,785,,,,1146,18,6
31/05/21,445,94014,1172,92057,785,1228216,852047,376169,1148,18,6
01/06/21,446,94188,1093,92309,786,,,,1067,19,7
02/06/21,447,94228,1079,92362,787,,,,1057,16,6
03/06/21,448,94228,1079,92362,787,,,,1057,16,6
04/06/21,449,94230,1081,92362,787,,,,1059,16,6
05/06/21,450,94369,1092,92488,789,,,,1075,12,5
06/06/21,451,94369,1092,92488,789,,,,1075,12,5
07/06/21,452,94444,1103,92552,789,,,,1085,13,5
08/06/21,453,94493,1115,92589,789,,,,1097,13,5
09/06/21,454,94494,1116,92589,789,,,,1098,13,5
10/06/21,455,94669,1183,92696,790,,,,1161,13,9
11/06/21,456,94768,1218,92760,790,,,,1196,13,9
12/06/21,457,94824,1228,92806,790,,,,1206,13,9
13/06/21,458,94824,1228,92806,790,,,,1206,13,9
14/06/21,459,94913,1239,92881,793,,,,1217,13,9
15/06/21,460,94914,1240,92881,793,,,,1218,13,9
16/06/21,461,95014,1252,92968,794,,,,1229,14,9
17/06/21,462,95059,1260,93005,794,,,,1237,14,9
18/06/21,463,95059,1260,93005,794,,,,1237,14,9
19/06/21,464,95236,1301,93141,794,,,,1278,14,9
20/06/21,465,95259,1317,93148,794,1232876,852047,380829,1294,14,9
21/06/21,466,95259,1317,93148,794,,,,1294,14,9
22/06/21,467,95369,1362,93212,795,,,,1339,14,9
23/06/21,468,95476,1412,93269,795,,,,1391,12,9
24/06/21,469,95642,1559,93288,795,,,,1531,19,9
25/06/21,470,95642,1559,93288,795,,,,1531,19,9
26/06/21,471,95914,1674,93444,796,,,,1646,19,9
27/06/21,472,95914,1674,93444,796,,,,1646,19,9
28/06/21,473,96067,1602,93669,796,,,,1574,19,9
29/06/21,474,96067,1602,93669,796,,,,1574,19,9
30/06/21,475,96317,1573,93948,796,,,,1541,21,11
01/07/21,476,96402,1619,93987,796,,,,1587,21,11
02/07/21,477,96402,1619,93987,796,,,,1587,21,11
03/07/21,478,96708,1758,94153,797,,,,1725,22,11
04/07/21,479,96846,1849,94200,797,,,,1815,23,11
05/07/21,480,96971,1893,94281,797,1261677,864918,396759,1859,23,11
06/07/21,481,97130,1982,94349,799,,,,1948,23,11
07/07/21,482,97437,2226,94412,799,,,,2192,23,11
08/07/21,483,97585,2247,94537,801,,,,2213,23,11
09/07/21,484,97728,2314,94612,802,,,,2280,23,11
10/07/21,485,97956,2458,94694,804,,,,2424,23,11
11/07/21,486,98114,2512,94796,806,,,,2473,27,12
12/07/21,487,98114,2512,94796,806,1265306,864964,400342,2473,27,12
13/07/21,488,98435,2601,95024,810,,,,2562,27,12
14/07/21,489,98817,2858,95147,812,,,,2819,27,12
15/07/21,490,99160,3124,95221,815,,,,3083,26,15
16/07/21,491,99430,3281,95334,815,,,,3240,26,15
17/07/21,492,99734,3466,95451,817,,,,3425,26,15
18/07/21,493,99974,3618,95538,818,,,,3577,26,15
19/07/21,494,100250,3560,95871,819,1271393,865422,405971,3519,26,15
20/07/21,495,100747,3813,96115,819,,,,3772,26,15
21/07/21,496,101170,4094,96255,821,,,,4053,26,15
22/07/21,497,101170,4094,96255,821,,,,4053,26,15
23/07/21,498,102103,4521,96759,823,,,,4480,26,15
24/07/21,499,102569,4747,96999,823,,,,4706,26,15
25/07/21,500,103019,4983,97213,823,,,,4942,26,15
26/07/21,501,103019,4983,97213,823,,,,4942,26,15
27/07/21,502,103019,4983,97213,823,,,,4942,26,15
28/07/21,503,104330,5524,97970,836,,,,5421,86,17
29/07/21,504,104994,5928,98229,837,,,,5825,86,17
30/07/21,505,105512,6276,98392,844,,,,6173,86,17
31/07/21,506,106053,6573,98633,847,,,,6453,85,35
01/08/21,507,106434,6766,98814,854,,,,6643,87,36
02/08/21,508,106750,6726,99165,859,,,,6603,87,36
03/08/21,509,107244,6840,99541,863,,,,6717,87,36
04/08/21,510,107817,6938,100008,871,,,,6815,87,36
05/08/21,511,108226,6969,100383,874,,,,6846,87,36
06/08/21,512,108677,6922,100875,880,,,,6799,87,36
07/08/21,513,109022,6765,101365,892,,,,6642,87,36
08/08/21,514,109428,6545,101984,899,,,,6422,87,36
09/08/21,515,109736,6440,102390,906,,,,6317,87,36
10/08/21,516,110306,6417,102976,913,,,,6243,114,60
11/08/21,517,110710,6220,103568,922,,,,6046,114,60
12/08/21,518,111232,6004,104298,930,,,,5830,114,60
13/08/21,519,111232,6004,104298,930,,,,5830,114,60
14/08/21,520,112378,6265,105168,945,,,,6086,128,51
15/08/21,521,112928,6361,105622,945,,,,6172,136,53
16/08/21,522,112928,6361,105622,945,,,,6172,136,53
17/08/21,523,113957,6425,106571,961,,,,6232,139,54
18/08/21,524,114584,6647,106969,968,,,,6454,139,54
19/08/21,525,115102,6737,107391,974,,,,6544,139,54
20/08/21,526,115525,6850,107693,982,,,,6749,75,26
21/08/21,527,115945,6967,107996,982,,,,6905,39,23
22/08/21,528,116441,6981,108469,991,,,,6786,143,52
23/08/21,529,117040,6905,109134,1001,,,,6694,149,62
24/08/21,530,117636,7016,109612,1008,,,,6807,148,61
25/08/21,531,118266,7024,110225,1017,,,,6829,141,54
26/08/21,532,118954,7153,110776,1025,,,,6942,149,62
27/08/21,533,119436,7151,111249,1036,,,,6955,141,55
28/08/21,534,119436,7151,111249,1036,,,,6955,141,55
29/08/21,535,120003,6857,112099,1047,,,,6650,147,60
30/08/21,536,120452,6940,112460,1052,,,,6733,147,60
31/08/21,537,120452,6940,112460,1052,,,,6733,147,60
01/09/21,538,121307,6971,113267,1069,,,,6792,127,52
02/09/21,539,121737,6701,113957,1079,,,,6524,127,50
03/09/21,540,122157,6559,114515,1083,,,,6389,126,44
04/09/21,541,122363,6135,115145,1083,,,,5959,126,50
05/09/21,542,122543,5779,115680,1084,,,,5599,129,51
06/09/21,543,122779,5355,116337,1087,,,,5177,127,51
07/09/21,544,123206,5240,116877,1089,,,,5067,124,49
08/09/21,545,123521,5073,117352,1096,,,,4904,125,44
09/09/21,546,123874,4884,117892,1098,,,,4710,124,50
10/09/21,547,123874,4884,117892,1098,,,,4710,124,50
11/09/21,548,123874,4884,117892,1098,,,,4710,124,50
12/09/21,549,124404,4358,118935,1111,,,,4196,120,42
13/09/21,550,124740,4395,119229,1116,,,,4234,119,42
14/09/21,551,125005,4286,119601,1118,,,,4125,119,42
15/09/21,552,125261,4281,119859,1121,,,,4122,117,42
16/09/21,553,125565,4295,120145,1125,,,,4135,118,42
17/09/21,554,125830,4269,120431,1130,,,,4108,119,42
18/09/21,555,125830,4269,120431,1130,,,,4108,119,42
19/09/21,556,126146,4015,120992,1139,,,,3852,120,43
20/09/21,557,126313,3867,121304,1142,1623582,865422,758160,3706,119,42
21/09/21,558,126466,3848,121476,1142,,,,3687,119,42
22/09/21,559,126621,3597,121878,1146,,,,3436,119,42
23/09/21,560,126806,3581,122078,1147,,,,3419,120,42
24/09/21,561,127016,3410,122456,1150,,,,3248,120,42
25/09/21,562,127016,3410,122456,1150,,,,3248,120,42
26/09/21,563,127342,3154,123036,1152,,,,2989,122,43
27/09/21,564,127482,3088,123238,1156,,,,2921,124,43
28/09/21,565,127650,3126,123368,1156,,,,2960,122,44
29/09/21,566,127878,3052,123669,1157,,,,2886,122,44
30/09/21,567,128026,2967,123902,1157,,,,2801,121,45
01/10/21,568,128159,2891,124111,1157,,,,2728,118,45
02/10/21,569,128286,2851,124277,1158,,,,2688,119,44
03/10/21,570,128368,2696,124514,1158,,,,2534,119,43
04/10/21,571,128368,2696,124514,1158,,,,2534,119,43
05/10/21,572,128368,2696,124514,1158,,,,2534,119,43
06/10/21,573,128368,2696,124514,1158,,,,2534,119,43
07/10/21,574,128368,2696,124514,1158,2189552,1369515,820037,2534,119,43
08/10/21,575,128368,2696,124514,1158,,,,2534,119,43
09/10/21,576,128368,2696,124514,1158,,,,2534,119,43
10/10/21,577,128368,2696,124514,1158,,,,2534,119,43
11/10/21,578,129258,2492,125601,1165,,,,2344,109,39
12/10/21,579,129258,2492,125601,1165,,,,2344,109,39
13/10/21,580,129440,2434,125839,1167,,,,2284,111,39
14/10/21,581,129440,2434,125839,1167,,,,2284,111,39
15/10/21,582,129592,2338,126085,1169,,,,2186,111,41
16/10/21,583,129592,2338,126085,1169,,,,2186,111,41
17/10/21,584,129592,2338,126085,1169,,,,2186,111,41
18/10/21,585,129592,2338,126085,1169,,,,2186,111,41
19/10/21,586,129805,2096,126539,1170,,,,1944,114,38
20/10/21,587,129805,2096,126539,1170,,,,1944,114,38
21/10/21,588,129948,1963,126813,1172,2727537,1901831,825706,1914,38,11
22/10/21,589,129948,1963,126813,1172,,,,1914,38,11
23/10/21,590,130041,1817,127050,1174,,,,1764,40,13
24/10/21,591,130077,1781,127121,1175,,,,1728,40,13
25/10/21,592,130077,1781,127121,1175,,,,1728,40,13
26/10/21,593,130077,1781,127121,1175,,,,1728,40,13
27/10/21,594,130287,1709,127396,1182,,,,1663,35,11
28/10/21,595,130287,1709,127396,1182,2979766,2149123,830643,1663,35,11
29/10/21,596,130287,1709,127396,1182,,,,1663,35,11
30/10/21,597,130391,1501,127702,1188,,,,1455,35,11
31/10/21,598,130391,1501,127702,1188,,,,1455,35,11
01/11/21,599,130391,1501,127702,1188,,,,1455,35,11
02/11/21,600,130391,1501,127702,1188,,,,1455,35,11
03/11/21,601,130391,1501,127702,1188,,,,1455,35,11
04/11/21,602,130391,1501,127702,1188,3102396,2269003,833393,1455,35,11
05/11/21,603,130608,1274,128131,1203,3162666,2328335,834331,1225,37,12
06/11/21,604,130608,1274,128131,1203,,,,1225,37,12
07/11/21,605,130649,1112,128331,1206,,,,1062,38,12
08/11/21,606,130649,1112,128331,1206,,,,1062,38,12
09/11/21,607,130649,1112,128331,1206,,,,1062,38,12
10/11/21,608,130710,997,128506,1207,3188114,2352125,835989,952,36,9
11/11/21,609,130710,997,128506,1207,,,,952,36,9
12/11/21,610,130727,836,128684,1207,,,,809,22,5
13/11/21,611,130727,836,128684,1207,,,,809,22,5
14/11/21,612,130727,836,128684,1207,,,,809,22,5
15/11/21,613,130727,836,128684,1207,,,,809,22,5
16/11/21,614,130727,836,128684,1207,,,,809,22,5
17/11/21,615,130827,734,128885,1208,,,,706,25,3
18/11/21,616,130827,734,128885,1208,3367531,2527761,839770,706,25,3
19/11/21,617,130827,734,128885,1208,,,,706,25,3
20/11/21,618,130920,669,129042,1209,,,,640,26,3
21/11/21,619,130920,669,129042,1209,,,,640,26,3
22/11/21,620,130920,669,129042,1209,,,,640,26,3
23/11/21,621,130920,669,129042,1209,,,,640,26,3
24/11/21,622,130920,669,129042,1209,3493688,2651463,842225,640,26,3
25/11/21,623,130920,669,129042,1209,,,,640,26,3
26/11/21,624,130920,669,129042,1209,,,,640,26,3
27/11/21,625,130920,669,129042,1209,,,,640,26,3
28/11/21,626,130920,669,129042,1209,,,,640,26,3
29/11/21,627,130920,669,129042,1209,,,,640,26,3
30/11/21,628,130920,669,129042,1209,,,,640,26,3
01/12/21,629,131246,692,129326,1228,,,,669,23,0
02/12/21,630,131246,692,129326,1228,,,,669,23,0
03/12/21,631,131246,692,129326,1228,,,,669,23,0
04/12/21,632,131246,692,129326,1228,,,,669,23,0
05/12/21,633,131246,692,129326,1228,,,,669,23,0
06/12/21,634,131412,678,129495,1239,,,,655,23,0
07/12/21,635,131412,678,129495,1239,,,,655,23,0
08/12/21,636,131547,738,129566,1243,,,,716,22,0
09/12/21,637,131547,738,129566,1243,,,,716,22,0
10/12/21,638,131718,854,129613,1251,,,,832,22,0
11/12/21,639,131840,927,129660,1253,,,,905,22,0
12/12/21,640,131911,973,129683,1255,,,,955,18,0
13/12/21,641,132132,1174,129701,1257,,,,1156,18,0
14/12/21,642,132288,1301,129728,1259,,,,1283,18,0
15/12/21,643,132609,1602,129746,1261,4216970,2651463,1565507,1584,18,0
16/12/21,644,133046,1954,129829,1263,,,,1930,24,0
17/12/21,645,133555,2428,129862,1265,,,,2404,24,0
18/12/21,646,134034,2877,129890,1267,,,,2853,24,0
19/12/21,647,134355,3165,129921,1269,,,,3141,24,0
20/12/21,648,135278,4027,129980,1271,,,,4003,24,0
21/12/21,649,136436,5112,130050,1274,,,,5097,15,0
22/12/21,650,137760,6361,130122,1277,,,,6344,17,0
23/12/21,651,138957,7353,130324,1280,7755231,5774413,2334010,7336,17,0
24/12/21,652,140221,8554,130384,1283,,,,8537,17,0
25/12/21,653,141295,9534,130474,1287,,,,9514,18,2
26/12/21,654,142196,10211,130695,1290,,,,10190,19,2
27/12/21,655,142986,10218,131473,1295,,,,10192,23,3
28/12/21,656,143997,10906,131793,1298,,,,10879,24,3
29/12/21,657,145052,11512,132237,1303,,,,11475,25,12
30/12/21,658,146119,12422,132391,1306,,,,12395,23,4
31/12/21,659,147203,13025,132869,1309,,,,12999,22,4
01/01/22,660,148079,13576,133190,1313,,,,13523,45,8
02/01/22,661,148680,13251,134113,1316,,,,13216,28,7
03/01/22,662,149367,13663,134385,1319,,,,13604,48,11
04/01/22,663,150125,13547,135256,1322,,,,13487,49,11
05/01/22,664,150874,13007,136542,1325,,,,12950,45,12
06/01/22,665,150874,13007,136542,1325,,,,12950,45,12
07/01/22,666,152243,11403,139508,1332,,,,11355,39,9
08/01/22,667,152729,10889,140504,1336,,,,10842,39,8
09/01/22,668,152729,10889,140504,1336,,,,10842,39,8
10/01/22,669,153514,9020,143151,1343,,,,8964,44,12
11/01/22,670,153931,8103,144481,1347,,,,8047,44,12
12/01/22,671,154190,7432,145408,1350,,,,7379,38,15
13/01/22,672,154614,6771,146489,1354,9004225,6085629,2918596,6722,40,9
14/01/2022,673,154891,6224,147310,1357,,,,6177,38,9
15/01/2022,674,154891,6224,147310,1357,,,,6177,38,9
16/01/2022,675,154891,6224,147310,1357,,,,6177,38,9
17/01/2022,676,155496,3534,150595,1367,10015888,6877682,3138206,3489,35,10
18/01/2022,677,155665,3227,151068,1370,,,,3188,29,10
19/01/2022,678,155665,3227,151068,1370,,,,3188,29,10
20/01/2022,679,156083,2531,152173,1379,,,,2484,39,8
21/01/2022,680,156272,2393,152497,1382,,,,2346,39,8
22/01/2022,681,156392,2101,152907,1384,,,,2054,39,8
23/01/2022,682,156515,2088,153039,1388,,,,2044,36,8
24/01/2022,683,156690,1906,153393,1391,,,,1865,36,5
25/01/2022,684,156805,1901,153511,1393,,,,1860,36,5
26/01/2022,685,156920,1876,153649,1395,,,,1835,36,5
27/01/2022,686,156920,1876,153649,1395,,,,1835,36,5
28/01/2022,687,156920,1876,153649,1395,,,,1835,36,5
29/01/2022,688,157220,1392,154424,1404,,,,1374,14,4
30/01/2022,689,157220,1392,154424,1404,,,,1374,14,4
31/01/2022,690,157220,1392,154424,1404,,,,1374,14,4
01/02/22,691,157541,1191,154938,1412,,,,1178,10,3
02/02/2022,692,157646,1107,155124,1415,,,,1094,10,3
03/02/2022,693,157751,1010,155322,1419,,,,998,9,3
04/02/2022,694,157862,680,155759,1423,,,,668,9,3
05/02/2022,695,157917,527,155964,1426,,,,514,9,4
06/02/2022,696,157992,478,156085,1429,,,,470,5,3
07/02/2022,697,158038,415,156192,1431,,,,407,5,3
08/02/2022,698,158159,396,156332,1431,,,,388,5,3
09/02/2022,699,158220,358,156429,1433,,,,350,5,3
10/02/2022,700,158296,329,156531,1436,12043575,7473144,4570431,321,5,3
11/02/2022,701,158434,371,156625,1438,,,,365,5,1
12/02/2022,702,158434,371,156625,1438,,,,365,5,1
13/02/2022,703,158434,371,156625,1438,,,,365,5,1
14/02/2022,704,158894,512,156941,1441,,,,506,5,1
15/02/2022,705,159006,570,156994,1442,,,,563,6,1
16/02/2022,706,159124,549,157133,1442,,,,542,6,1
17/02/2022,707,159124,549,157133,1442,,,,542,6,1
18/02/2022,708,159124,549,157133,1442,,,,542,6,1
19/02/2022,709,159124,549,157133,1442,,,,542,6,1
20/02/2022,710,159478,596,157440,1442,,,,590,5,1
21/02/2022,711,159674,609,157623,1442,,,,608,0,1
22/02/2022,712,159806,680,157684,1442,,,,675,4,1
23/02/2022,713,159891,667,157782,1442,,,,662,4,1
24/02/2022,714,159960,631,157887,1442,,,,626,4,1
25/02/2022,715,160028,587,157999,1442,12637542,8793591,4867214,582,4,1
26/02/2022,716,160100,567,158091,1442,,,,562,4,1
27/02/2022,717,160174,571,158161,1442,,,,567,3,1
28/02/2022,718,160338,665,158231,1442,,,,660,4,1
01/03/2022,719,160509,667,158400,1442,,,,667,0,0
02/03/2022,720,160604,686,158476,1442,,,,686,0,0
03/03/2022,721,160623,634,158547,1442,,,,634,0,0
04/03/2022,722,160640,561,158637,1442,,,,561,0,0
05/03/2022,723,160658,374,158840,1444,,,,374,0,0
06/03/2022,724,160667,231,158992,1444,,,,231,0,0
07/03/2022,725,160681,192,159044,1445,,,,192,0,0
08/03/2022,726,160693,169,159079,1445,,,,169,0,0
09/03/2022,727,160716,159,159112,1445,,,,158,1,0
10/03/2022,728,160736,161,159130,1445,,,,160,1,0
11/03/2022,729,160751,157,159149,1445,,,,156,1,0
12/03/2022,730,160761,89,159227,1445,,,,88,1,0
13/03/2022,731,160768,77,159246,1445,,,,76,1,0
14/03/2022,732,160775,74,159256,1445,,,,73,1,0
15/03/2022,733,160791,69,159277,1445,,,,69,0,0
16/03/2022,734,160819,67,159307,1445,,,,67,0,0
17/03/2022,735,160839,72,159322,1445,,,,72,0,0
18/03/2022,736,160863,92,159326,1445,,,,91,1,0
19/03/2022,737,160870,88,159337,1445,,,,87,1,0
20/03/2022,738,160886,98,159343,1445,13026180,8991580,5050369,97,1,0
21/03/2022,739,160894,90,159359,1445,,,,89,1,0
22/03/2022,740,160907,79,159383,1445,,,,79,0,0
23/03/2022,741,160907,79,159383,1445,,,,79,0,0
24/03/2022,742,160925,71,159409,1445,,,,71,0,0
25/03/2022,743,160925,71,159409,1445,,,,71,0,0
26/03/2022,744,160944,49,159450,1445,,,,49,0,0
27/03/2022,745,160956,53,159458,1445,,,,53,0,0
28/03/2022,746,160971,58,159468,1445,,,,58,0,0
29/03/2022,747,160971,58,159468,1445,13047826,8999937,5070306,58,0,0
30/03/2022,748,160971,58,159468,1445,,,,58,0,0
31/03/2022,749,161014,38,159531,1445,14228848,8999937,5070306,38,0,0
01/04/2022,750,161026,45,159536,1445,,,,45,0,0
02/04/2022,751,161034,42,159547,1445,,,,42,0,0
03/04/2022,752,161038,39,159554,1445,,,,39,0,0
04/04/2022,753,161048,37,159566,1445,,,,37,0,0
05/04/2022,754,161048,37,159566,1445,,,,37,0,0
06/04/2022,755,161059,25,159589,1445,,,,25,0,0
07/04/2022,756,161071,34,159592,1445,,,,34,0,0
08/04/2022,757,161083,41,159597,1445,,,,41,0,0
09/04/2022,758,161086,34,159607,1445,,,,34,0,0
10/04/2022,759,161092,36,159611,1445,,,,36,0,0
11/04/2022,760,161101,32,159624,1445,,,,32,0,0
12/04/2022,761,161101,32,159624,1445,,,,32,0,0
13/04/2022,762,161101,32,159624,1445,,,,32,0,0
14/04/2022,763,161113,31,159637,1445,,,,31,0,0
15/04/2022,764,161114,29,159640,1445,,,,29,0,0
16/04/2022,765,161117,28,159644,1445,,,,28,0,0