Date,Days,Tests_per_day,Cumulative_Tests,New_cases,Total_Infected,Daily_Recovered,Total_Recovered,Daily_Deaths,Total_Deaths,Active_Cases,No_of_Doses_daily,Total_Vaccine_Doses,Fully_Vaccinated,Total_Vaccinated,Fration_Fully_Vaccinated,Fration_Total_Vaccinated,Days1,,,,,,,,,,,,,,,,
12-Mar,0,,,1,1,0,0,0,0,1,,,,,,,,,,,,,,,,,,,,,,,
15-Mar,2,,,4,5,0,0,0,0,5,,,,,,,,,,,,,,,,,,,,,,,
16-Mar,3,,,2,7,0,0,0,0,7,,,,,,,,,,,,,,,,,,,,,,,
18/03,5,,,4,11,0,0,0,0,11,,,,,,,,,,,,,,,,,,,,,,,
23-Mar,11,,,4,15,0,0,0,0,15,,,,,,,,,,,,,,,,,,,,,,,
24/,12,,,1,16,0,0,0,0,16,,,,,,,,,,,,,,,,,,,,,,,
25/,13,,,9,25,0,0,0,0,25,,,,,,,,,,,,,,,,,,,,,,,
27-Mar,15,,,0,25,-5,0,1,1,29,,,,,,,,,,,,,,,,,,,,,,,
30-Mar,18,,,13,42,1,1,0,1,40,,,,,,,,,,,,,,,,,,,,,,,
31-Mar,19,,,12,50,0,1,0,1,48,,,,,,,,,,,,,,,,,,,,,,,
1-Apr,20,,,9,59,0,1,0,1,57,,,,,,,,,,,,,,,,,,,,,,,
2-Apr,21,,,22,81,2,3,0,1,77,,,,,,,,,,,,,,,,,,,,,,,
3-Apr,22,,,29,110,1,4,2,3,103,,,,,,,,,,,,,,,,,,,,,,,
4-Apr,23,,,12,122,0,4,1,4,114,,,,,,,,,,,,,,,,,,,,,,,
5-Apr,24,,,4,126,0,4,0,4,118,,,,,,,,,,,,,,,,,,,,,,,
6-Apr,25,,,20,142,0,4,0,4,134,,,,,,,,,,,,,,,,,,,,,,,
7-Apr,26,,,16,158,2,6,0,4,148,,,,,,,,,,,,,,,,,,,,,,,
8-Apr,27,,,30,172,1,7,2,6,159,,,,,,,,,,,,,,,,,,,,,,,
9-Apr,28,,,7,179,2,9,0,6,164,,,,,,,,,,,,,,,,,,,,,,,
10-Apr,29,,,5,184,3,12,1,7,165,,,,,,,,,,,,,,,,,,,,,,,
11-Apr,30,,,5,189,10,22,0,7,160,,,,,,,,,,,,,,,,,,,,,,,
12-Apr,31,,,2,191,2,24,0,7,160,,,,,,,,,,,,,,,,,,,,,,,
13-Apr,32,,,6,197,1,25,1,8,164,,,,,,,,,,,,,,,,,,,,,,,
14-Apr,33,,,11,208,15,40,1,9,159,,,,,,,,,,,,,,,,,,,,,,,
15-Apr,34,,,8,216,1,41,0,9,166,,,,,,,,,,,,,,,,,,,,,,,
16-Apr,35,,,9,225,12,53,1,10,162,,,,,,,,,,,,,,,,,,,,,,,
17-Apr,36,,,9,234,0,53,1,11,170,,,,,,,,,,,,,,,,,,,,,,,
18-Apr,37,,,12,246,0,53,0,11,182,,,,,,,,,,,,,,,,,,,,,,,
19-Apr,38,,,16,262,7,60,1,12,190,,,,,,,,,,,,,,,,,,,,,,,
20-Apr,39,,,8,270,7,67,2,14,189,,,,,,,,,,,,,,,,,,,,,,,
21-Apr,40,,,11,281,2,69,0,14,198,,,,,,,,,,,,,,,,,,,,,,,
22-Apr,41,,,15,296,5,74,0,14,208,,,,,,,,,,,,,,,,,,,,,,,
23-Apr,42,,,7,303,0,74,0,14,215,,,,,,,,,,,,,,,,,,,,,,,
24-Apr,43,,,17,320,15,89,0,14,217,,,,,,,,,,,,,,,,,,,,,,,
25-Apr,44,,,16,336,5,94,0,14,228,,,,,,,,,,,,,,,,,,,,,,,
26-Apr,45,,,7,343,4,98,0,14,231,,,,,,,,,,,,,,,,,,,,,,,
27-Apr,46,,,12,355,8,106,0,14,235,,,,,,,,,,,,,,,,,,,,,,,
28-Apr,47,,,8,363,8,114,0,14,235,,,,,,,,,,,,,,,,,,,,,,,
29-Apr,48,,,11,374,10,124,0,14,236,,,,,,,,,,,,,,,,,,,,,,,
30-Apr,49,,,10,384,5,129,1,15,240,,,,,,,,,,,,,,,,,,,,,,,
1-May,50,,,12,396,15,144,2,17,235,,,,,,,,,,,,,,,,,,,,,,,
2-May,51,1434,21702,15,411,6,150,4,21,240,,,,,,,,,,,,,,,,,,,,,,,
3-May,52,,,24,435,2,152,1,22,261,,,,,,,,,,,,,,,,,,,,,,,
4-May,53,,,31,466,16,168,2,24,274,,,,,,,,,,,,,,,,,,,,,,,
5-May,54,,,24,490,5,173,0,24,293,,,,,,,,,,,,,,,,,,,,,,,
6-May,55,,,45,535,7,180,2,26,329,,,,,,,,,,,,,,,,,,,,,,,
7-May,56,,,47,582,10,190,0,26,366,,,,,,,,,,,,,,,,,,,,,,,
8-May,57,,,25,607,7,197,3,29,381,,,,,,,,,,,,,,,,,,,,,,,
9-May,58,,,14,621,5,202,0,29,390,,,,,,,,,,,,,,,,,,,,,,,
10-May,59,,,28,649,5,207,1,30,412,,,,,,,,,,,,,,,,,,,,,,,
11-May,60,,,23,672,32,239,2,32,401,,,,,,,,,,,,,,,,,,,,,,,
12-May,61,,,28,700,12,251,1,33,416,,,,,,,,,,,,,,,,,,,,,,,
13-May,62,,,15,715,8,259,3,36,420,,,,,,,,,,,,,,,,,,,,,,,
14-May,63,,,22,737,22,281,4,40,416,,,,,,,,,,,,,,,,,,,,,,,
15-May,64,,,21,758,3,284,2,42,432,,,,,,,,,,,,,,,,,,,,,,,
16-May,65,,,23,781,-1,283,4,46,452,,,,,,,,,,,,,,,,,,,,,,,
17-May,66,,,49,830,18,301,4,50,479,,,,,,,,,,,,,,,,,,,,,,,
18-May,67,,,57,887,12,313,0,50,524,,,,,,,,,,,,,,,,,,,,,,,
19-May,68,,,25,912,23,336,0,50,526,,,,,,,,,,,,,,,,,,,,,,,
20-May,69,1933,46784,51,963,22,358,0,50,555,,,,,,,,,,,,,,,,,,,,,,,
21-May,70,,,66,1029,8,366,0,50,613,,,,,,,,,,,,,,,,,,,,,,,
22-May,71,,,80,1109,9,375,0,50,684,,,,,,,,,,,,,,,,,,,,,,,
23-May,72,,,52,1161,5,380,0,50,731,,,,,,,,,,,,,,,,,,,,,,,
24-May,73,,,31,1192,0,380,0,50,762,,,,,,,,,,,,,,,,,,,,,,,
25-May,74,,,22,1214,3,383,1,51,780,,,,,,,,,,,,,,,,,,,,,,,
26-May,75,,,72,1286,19,402,1,52,832,,,,,,,,,,,,,,,,,,,,,,,
27-May,76,,,62,1348,3,405,0,52,891,,,,,,,,,,,,,,,,,,,,,,,
28-May,77,,,123,1471,3,408,3,55,1008,,,,,,,,,,,,,,,,,,,,,,,
29-May,78,,,147,1618,13,421,3,58,1139,,,,,,,,,,,,,,,,,,,,,,,
30-May,79,,,127,1745,17,438,4,62,1245,,,,,,,,,,,,,,,,,,,,,,,
31-May,80,,,143,1888,26,464,1,63,1361,,,,,,,,,,,,,,,,,,,,,,,
1-Jun,81,,,74,1962,14,478,1,64,1420,,,,,,,,,,,,,,,,,,,,,,,
2-Jun,82,,,59,2021,4,482,5,69,1470,,,,,,,,,,,,,,,,,,,,,,,
3-Jun,83,2892,82946,72,2093,17,499,2,71,1523,,,,,,,,,,,,,,,,,,,,,,,
4-Jun,84,2112,85058,123,2216,54,553,3,74,1589,,,,,,,,,,,,,,,,,,,,,,,
5-Jun,85,2640,87698,124,2340,39,592,4,78,1670,,,,,,,,,,,,,,,,,,,,,,,
6-Jun,86,,,134,2474,51,643,1,79,1752,,,,,,,,,,,,,,,,,,,,,,,
7-Jun,87,3632,94507,126,2600,63,706,4,83,1811,,,,,,,,,,,,,,,,,,,,,,,
8-Jun,88,2833,97340,167,2767,46,752,1,84,1931,,,,,,,,,,,,,,,,,,,,,,,
9-Jun,89,1096,98436,95,2862,97,849,1,85,1928,,,,,,,,,,,,,,,,,,,,,,,
10-Jun,90,2247,100683,127,2989,24,873,3,88,2028,,,,,,,,,,,,,,,,,,,,,,,
11-Jun,91,2273,102956,105,3094,175,1048,1,89,1957,,,,,,,,,,,,,,,,,,,,,,,
12-Jun,92,,,121,3215,44,1092,3,92,2031,,,,,,,,,,,,,,,,,,,,,,,
13-Jun,93,2419,108666,90,3305,72,1164,4,96,2045,,,,,,,,,,,,,,,,,,,,,,,
14-Jun,94,3503,112169,152,3457,57,1221,4,100,2136,,,,,,,,,,,,,,,,,,,,,,,
15-Jun,95,3167,115336,137,3594,32,1253,3,103,2238,,,,,,,,,,,,,,,,,,,,,,,
16-Jun,96,3365,118701,133,3727,33,1286,1,104,2337,,,,,,,,,,,,,,,,,,,,,,,
17-Jun,97,3255,121956,133,3860,40,1326,1,105,2429,,,,,,,,,,,,,,,,,,,,,,,
18-Jun,98,2518,124474,184,4044,27,1353,2,107,2584,,,,,,,,,,,,,,,,,,,,,,,
19-Jun,99,6024,130498,213,4257,106,1459,10,117,2681,,,,,,,,,,,,,,,,,,,,,,,
20-Jun,100,,,117,4374,91,1550,2,119,2705,,,,,,,,,,,,,,,,,,,,,,,
21-Jun,101,2820,136361,104,4478,36,1586,2,121,2771,,,,,,,,,,,,,,,,,,,,,,,
22-Jun,102,3651,140012,260,4738,21,1607,2,123,3008,,,,,,,,,,,,,,,,,,,,,,,
23-Jun,103,,,59,4797,73,1680,2,125,2992,,,,,,,,,,,,,,,,,,,,,,,
24-Jun,104,,146537,155,4952,102,1782,3,128,3042,,,,,,,,,,,,,,,,,,,,,,,
25-Jun,105,,,254,5206,41,1823,2,130,3253,,,,,,,,,,,,,,,,,,,,,,,
26-Jun,106,3918,155314,178,5384,34,1857,2,132,3395,,,,,,,,,,,,,,,,,,,,,,,
27-Jun,107,3090,158404,149,5533,48,1905,5,137,3491,,,,,,,,,,,,,,,,,,,,,,,
28-Jun,108,4074,162478,278,5811,31,1936,4,141,3734,,,,,,,,,,,,,,,,,,,,,,,
29-Jun,109,,,259,6070,34,1970,3,144,3956,,,,,,,,,,,,,,,,,,,,,,,
30-Jun,110,2221,167417,120,6190,43,2013,0,144,4033,,,,,,,,,,,,,,,,,,,,,,,
1-Jul,111,2419,169836,176,6366,26,2039,4,148,4179,,,,,,,,,,,,,,,,,,,,,,,
2-Jul,112,3519,173355,307,6673,50,2089,1,149,4435,,,,,,,,,,,,,,,,,,,,,,,
3-Jul,113,2704,176059,268,6941,20,2109,3,152,4680,,,,,,,,,,,,,,,,,,,,,,,
4-Jul,114,4147,180206,247,7188,39,2148,2,154,4886,,,,,,,,,,,,,,,,,,,,,,,
5-Jul,115,4829,185035,389,7577,88,2236,5,159,5182,,,,,,,,,,,,,,,,,,,,,,,
6-Jul,116,,,309,7886,51,2287,1,160,5439,,,,,,,,,,,,,,,,,,,,,,,
7-Jul,117,2131,191394,181,8067,127,2414,4,164,5489,,,,,,,,,,,,,,,,,,,,,,,
8-Jul,118,,,183,8250,90,2504,3,167,5579,,,,,,,,,,,,,,,,,,,,,,,
9-Jul,119,3053,196508,278,8528,89,2593,2,169,5766,,,,,,,,,,,,,,,,,,,,,,,
10-Jul,120,,,447,8975,64,2657,4,173,6145,,,,,,,,,,,,,,,,,,,,,,,
11-Jul,121,6979,206584,473,9448,76,2733,8,181,6534,,,,,,,,,,,,,,,,,,,,,,,
12-Jul,122,1403,207987,278,9726,99,2832,3,184,6710,,,,,,,,,,,,,,,,,,,,,,,
13-Jul,123,,214966,379,10105,49,2881,1,185,7039,,,,,,,,,,,,,,,,,,,,,,,
14-Jul,124,6979,216242,189,10294,65,2946,12,197,7151,,,,,,,,,,,,,,,,,,,,,,,
15-Jul,125,4992,221234,497,10791,71,3017,5,202,7572,,,,,,,,,,,,,,,,,,,,,,,
16-Jul,126,4261,225495,461,11252,51,3068,7,209,7975,,,,,,,,,,,,,,,,,,,,,,,
17-Jul,127,,,421,11673,570,3638,8,217,7818,,,,,,,,,,,,,,,,,,,,,,,
18-Jul,128,3545,228674,389,12062,345,3983,5,222,7857,,,,,,,,,,,,,,,,,,,,,,,
19-Jul,129,,,688,12750,545,4528,3,225,7997,,,,,,,,,,,,,,,,,,,,,,,
20-Jul,130,5724,238920,603,13353,704,5232,9,234,7887,,,,,,,,,,,,,,,,,,,,,,,
21-Jul,131,2474,241394,418,13771,384,5616,4,238,7917,,,,,,,,,,,,,,,,,,,,,,,
22-Jul,132,,,397,14168,642,6258,12,250,7660,,,,,,,,,,,,,,,,,,,,,,,
23-Jul,133,4275,249306,637,14805,499,6757,10,260,7788,,,,,,,,,,,,,,,,,,,,,,,
24-Jul,134,6754,256060,796,15601,378,7135,3,263,8203,,,,,,,,,,,,,,,,,,,,,,,
25-Jul,135,,256060,667,16268,311,7446,11,274,8548,,,,,,,,,,,,,,,,,,,,,,,
26-Jul,136,2052,263187,375,16643,128,7574,4,278,8791,,,,,,,,,,,,,,,,,,,,,,,
27-Jul,137,8261,264974,892,17535,101,7675,2,280,9580,,,,,,,,,,,,,,,,,,,,,,,
28-Jul,138,3197,268171,440,17975,158,7833,5,285,9857,,,,,,,,,,,,,,,,,,,,,,,
29-Jul,139,,,606,18581,75,7908,14,299,10374,,,,,,,,,,,,,,,,,,,,,,,
30-Jul,140,,,544,19125,113,8021,12,311,10793,,,,,,,,,,,,,,,,,,,,,,,
31-Jul,141,,,788,19913,100,8121,14,325,11467,,,,,,,,,,,,,,,,,,,,,,,
1-Aug,142,,,723,20636,44,8165,16,341,12130,,,,,,,,,,,,,,,,,,,,,,,
2-Aug,143,,,727,21363,254,8419,23,364,12580,,,,,,,,,,,,,,,,,,,,,,,
3-Aug,144,,,690,22053,58,8477,5,369,13207,,,,,,,,,,,,,,,,,,,,,,,
4-Aug,145,,,544,22597,263,8740,13,382,13475,,,,,,,,,,,,,,,,,,,,,,,
5-Aug,146,,,605,23202,587,9327,6,388,13487,,,,,,,,,,,,,,,,,,,,,,,
6-Aug,147,,,671,23873,603,9930,3,391,13552,,,,,,,,,,,,,,,,,,,,,,,
7-Aug,148,,,538,24411,514,10444,8,399,13568,,,,,,,,,,,,,,,,,,,,,,,
8-Aug,149,,,727,25138,674,11118,14,413,13607,,,,,,,,,,,,,,,,,,,,,,,
9-Aug,150,,,699,25837,781,11899,5,418,13520,,,,,,,,,,,,,,,,,,,,,,,
10-Aug,151,,,599,26436,1062,12961,2,420,13055,,,,,,,,,,,,,,,,,,,,,,,
11-Aug,152,,,492,26928,534,13495,3,423,13010,,,,,,,,,,,,,,,,,,,,,,,
12-Aug,153,,,497,27425,372,13867,15,438,13120,,,,,,,,,,,,,,,,,,,,,,,
13-Aug,154,,,679,28104,743,14610,18,456,13038,,,,,,,,,,,,,,,,,,,,,,,
14-Aug,155,,,650,28754,490,15100,4,460,13194,,,,,,,,,,,,,,,,,,,,,,,
15-Aug,156,,,580,29334,198,15298,5,465,13571,,,,,,,,,,,,,,,,,,,,,,,
16-Aug,157,,,515,29849,672,15970,7,472,13407,,,,,,,,,,,,,,,,,,,,,,,
17-Aug,158,,,271,30120,686,16656,2,474,12990,,,,,,,,,,,,,,,,,,,,,,,
18-Aug,159,,,245,30365,504,17160,8,482,12723,,,,,,,,,,,,,,,,,,,,,,,
19-Aug,160,,,271,30636,208,17368,5,487,12781,,,,,,,,,,,,,,,,,,,,,,,
20-Aug,161,,,379,31015,244,17612,19,506,12897,,,,,,,,,,,,,,,,,,,,,,,
21-Aug,162,,,426,31441,257,17869,10,516,13056,,,,,,,,,,,,,,,,,,,,,,,
22-Aug,163,,,322,31763,288,18157,16,532,13074,,,,,,,,,,,,,,,,,,,,,,,
23-Aug,164,,,355,32118,296,18453,10,542,13123,,,,,,,,,,,,,,,,,,,,,,,
24-Aug,165,,,246,32364,217,18670,6,548,13146,,,,,,,,,,,,,,,,,,,,,,,
25-Aug,166,,,193,32557,225,18895,6,554,13108,,,,,,,,,,,,,,,,,,,,,,,
26-Aug,167,,,246,32803,160,19055,6,560,13189,,,,,,,,,,,,,,,,,,,,,,,
27-Aug,168,,,213,33016,241,19296,4,564,13156,,,,,,,,,,,,,,,,,,,,,,,
28-Aug,169,,,373,33389,72,19368,3,567,13454,,,,,,,,,,,,,,,,,,,,,,,
29-Aug,170,,,241,33630,66,19434,0,567,13629,,,,,,,,,,,,,,,,,,,,,,,
30-Aug,171,,,164,33794,156,19590,5,572,13632,,,,,,,,,,,,,,,,,,,,,,,
31-Aug,172,,,263,34057,98,19688,2,574,13795,,,,,,,,,,,,,,,,,,,,,,,
1-Sep,173,,,144,34201,205,19893,3,577,13731,,,,,,,,,,,,,,,,,,,,,,,
2-Sep,174,,,114,34315,318,20211,0,577,13527,,,,,,,,,,,,,,,,,,,,,,,
3-Sep,175,,,178,34493,0,20211,4,581,13701,,,,,,,,,,,,,,,,,,,,,,,
4-Sep,176,,,212,34705,433,20644,4,585,13476,,,,,,,,,,,,,,,,,,,,,,,
5-Sep,177,,,179,34884,415,21059,4,589,13236,,,,,,,,,,,,,,,,,,,,,,,
6-Sep,178,,,136,35020,99,21158,5,594,13268,,,,,,,,,,,,,,,,,,,,,,,
7-Sep,179,,,83,35103,72,21230,3,579,13276,,,,,,,,,,,,,,,,,,,,,,,
8-Sep,180,,,102,35205,80,21310,2,599,13296,,,,,,,,,,,,,,,,,,,,,,,
9-Sep,181,,,151,35356,173,21483,0,599,13274,,,,,,,,,,,,,,,,,,,,,,,
10-Sep,182,,,104,35460,74,21557,8,607,13296,,,,,,,,,,,,,,,,,,,,,,,
11-Sep,183,,,143,35603,490,22047,5,612,12944,,,,,,,,,,,,,,,,,,,,,,,
12-Sep,184,,,190,35793,395,22442,4,616,12735,,,,,,,,,,,,,,,,,,,,,,,
13-Sep,185,,,170,35963,329,22771,3,619,12579,,,,,,,,,,,,,,,,,,,,,,,
14-Sep,186,,,194,36157,296,23067,3,622,12468,,,,,,,,,,,,,,,,,,,,,,,
15-Sep,187,,,48,36205,176,23243,2,624,12338,,,,,,,,,,,,,,,,,,,,,,,
16-Sep,188,,,,36301,,23364,,634,12303,,,,,,,,,,,,,,,,,,,,,,,
17-Sep,189,,,,36393,,23529,,637,12227,,,,,,,,,,,,,,,,,,,,,,,
18-Sep,190,,,,36576,,23611,,642,12323,,,,,,,,,,,,,,,,,,,,,,,
19-Sep,191,,,,36724,,23709,,646,12369,,,,,,,,,,,,,,,,,,,,,,,
20-Sep,192,,,,36829,,23777,,646,12406,,,,,,,,,,,,,,,,,,,,,,,
21-Sep,193,,,,36981,,23887,,648,12446,,,,,,,,,,,,,,,,,,,,,,,
22-Sep,194,,,,37079,,23949,,650,12480,,,,,,,,,,,,,,,,,,,,,,,
23-Sep,195,,,,37218,,24147,,659,12412,,,,,,,,,,,,,,,,,,,,,,,
24-Sep,196,,,,37348,,24253,,664,12431,,,,,,,,,,,,,,,,,,,,,,,
25-Sep,197,,,,37489,,24334,,669,12486,,,,,,,,,,,,,,,,,,,,,,,
26-Sep,198,,,,37707,,24504,,682,12521,,,,,,,,,,,,,,,,,,,,,,,
27-Sep,199,,,,37871,,24581,,689,12601,,,,,,,,,,,,,,,,,,,,,,,
28-Sep,200,,,,38115,,24621,,691,12803,,,,,,,,,,,,,,,,,,,,,,,
29-Sep,201,,,,38168,,24681,,700,12787,,,,,,,,,,,,,,,,,,,,,,,
30-Sep,202,,,,38378,,24740,,707,12931,,,,,,,,,,,,,,,,,,,,,,,
1-Oct,203,,,,38529,,24908,,711,12910,,,,,,,,,,,,,,,,,,,,,,,
2-Oct,204,,,,38713,,25023,,718,12972,,,,,,,,,,,,,,,,,,,,,,,
3-Oct,205,,,,38923,,25114,,725,13084,,,,,,,,,,,,,,,,,,,,,,,
4-Oct,206,,,,39184,,25426,,728,13030,,,,,,,,,,,,,,,,,,,,,,,
5-Oct,207,,,,39427,,25659,,731,13037,,,,,,,,,,,,,,,,,,,,,,,
6-Oct,208,,,,39449,,27035,,735,11679,,,,,,,,,,,,,,,,,,,,,,,
7-Oct,209,,,,39586,,27331,,743,11512,,,,,,,,,,,,,,,,,,,,,,,
8-Oct,210,,,,39907,,30659,,748,8500,,,,,,,,,,,,,,,,,,,,,,,
9-Oct,211,,,,40178,,30710,,751,8717,,,,,,,,,,,,,,,,,,,,,,,
10-Oct,212,,,,40620,,30876,,755,8989,,,,,,,,,,,,,,,,,,,,,,,
11-Oct,213,,,,41158,,30937,,760,9461,,,,,,,,,,,,,,,,,,,,,,,
12-Oct,214,,,,41546,,31097,,766,9683,,,,,,,,,,,,,,,,,,,,,,,
13-Oct,215,,,,41619,,32000,,777,8842,,,,,,,,,,,,,,,,,,,,,,,
14-Oct,216,,,,41937,,31340,,787,9810,,,,,,,,,,,,,,,,,,,,,,,
15-Oct,217,,,,42541,,31428,,797,10316,,,,,,,,,,,,,,,,,,,,,,,
16-Oct,218,,,,43143,,31508,,805,10830,,,,,,,,,,,,,,,,,,,,,,,
17-Oct,219,,,,43580,,31648,,813,11119,,,,,,,,,,,,,,,,,,,,,,,
18-Oct,220,,,,44196,,31752,,825,11619,,,,,,,,,,,,,,,,,,,,,,,
19-Oct,221,,,,44881,,31857,,832,12192,,,,,,,,,,,,,,,,,,,,,,,
20-Oct,222,,,,45076,,32084,,839,12153,,,,,,,,,,,,,,,,,,,,,,,
21-Oct,223,,,,45647,,32522,,842,12283,,,,,,,,,,,,,,,,,,,,,,,
22-Oct,224,,,,46144,,32760,,858,12526,,,,,,,,,,,,,,,,,,,,,,,
23-Oct,225,,,,47212,,33050,,870,13292,,,,,,,,,,,,,,,,,,,,,,,
24-Oct,226,,,,47843,,33421,,884,13538,,,,,,,,,,,,,,,,,,,,,,,
25-Oct,227,,,,48790,,33876,,896,14018,,,,,,,,,,,,,,,,,,,,,,,
26-Oct,228,,,,49721,,34209,,902,14610,,,,,,,,,,,,,,,,,,,,,,,
27-Oct,229,,,,49997,,34429,,920,14648,,,,,,,,,,,,,,,,,,,,,,,
28-Oct,230,,,,50833,,34832,,934,15067,,,,,,,,,,,,,,,,,,,,,,,
29-Oct,231,,,,51851,,35258,,950,15643,,,,,,,,,,,,,,,,,,,,,,,
30-Oct,232,,,,52612,,35604,,964,16044,,,,,,,,,,,,,,,,,,,,,,,
31-Oct,233,,,,53797,,35876,,981,16940,,,,,,,,,,,,,,,,,,,,,,,
1-Nov,234,,,,55192,,35876,,996,18320,,,,,,,,,,,,,,,,,,,,,,,
2-Nov,235,,,,55877,,37194,,1013,17670,,,,,,,,,,,,,,,,,,,,,,,
3-Nov,236,,,,56601,,37442,,1027,18132,,,,,,,,,,,,,,,,,,,,,,,
4-Nov,237,,,,57093,,37846,,1039,18208,,,,,,,,,,,,,,,,,,,,,,,
5-Nov,238,,,,58587,,38381,,1051,19155,,,,,,,,,,,,,,,,,,,,,,,
6-Nov,239,,,,59595,,39193,,1072,19330,,,,,,,,,,,,,,,,,,,,,,,
7-Nov,240,,,,60704,,40131,,1093,19480,,,,,,,,,,,,,,,,,,,,,,,
8-Nov,241,,,,61769,,41019,,1103,19647,,,,,,,,,,,,,,,,,,,,,,,
9-Nov,242,,,,62488,,41931,,1111,19446,,,,,,,,,,,,,,,,,,,,,,,
10-Nov,243,,,,63244,,42659,,1130,19455,,,,,,,,,,,,,,,,,,,,,,,
11-Nov,244,,,,64588,,43095,,1154,20339,,,,,,,,,,,,,,,,,,,,,,,
12-Nov,245,,,,65804,,43626,,1180,20998,,,,,,,,,,,,,,,,,,,,,,,
13-Nov,246,,,,66723,,44040,,1203,21480,,,,,,,,,,,,,,,,,,,,,,,
14-Nov,247,,,,68193,,44872,,1228,22093,,,,,,,,,,,,,,,,,,,,,,,
15-Nov,248,,,,69273,,45414,,1249,22610,,,,,,,,,,,,,,,,,,,,,,,
16-Nov,249,,,,70245,,45766,,1269,23210,,,,,,,,,,,,,,,,,,,,,,,
17-Nov,250,,,,70804,,46244,,1287,23273,,,,,,,,,,,,,,,,,,,,,,,
18-Nov,251,,,,71729,,47262,,1302,23165,,,,,,,,,,,,,,,,,,,,,,,
19-Nov,252,,,,72686,,49878,,1313,21495,,,,,,,,,,,,,,,,,,,,,,,
20-Nov,253,,,,74145,,50658,,1330,22157,,,,,,,,,,,,,,,,,,,,,,,
21-Nov,254,,,,75193,,50984,,1349,22860,,,,,,,,,,,,,,,,,,,,,,,
22-Nov,255,,,,76404,,51352,,1366,23686,,,,,,,,,,,,,,,,,,,,,,,
23-Nov,256,,,,77372,,51507,,1380,24485,,,,,,,,,,,,,,,,,,,,,,,
24-Nov,257,,,,77785,,52103,,1392,24290,,,,,,,,,,,,,,,,,,,,,,,
25-Nov,258,,,,78512,,52709,,1409,24394,,,,,,,,,,,,,,,,,,,,,,,
26-Nov,259,,,,79322,,52920,,1471,24931,,,,,,,,,,,,,,,,,,,,,,,
27-Nov,260,,,,80102,,53526,,1427,25149,,,,,,,,,,,,,,,,,,,,,,,
28-Nov,261,,,,81656,,54125,,1441,26090,,,,,,,,,,,,,,,,,,,,,,,
29-Nov,262,,,,82605,,54399,,1445,26761,,,,,,,,,,,,,,,,,,,,,,,
30-Nov,263,,,,83316,,54975,,1452,26889,,,,,,,,,,,,,,,,,,,,,,,
1-Dec,264,,,,83618,,55344,,1469,26805,,,,,,,,,,,,,,,,,,,,,,,
2-Dec,265,,,,84169,,55610,,1474,27085,,,,,,,,,,,,,,,,,,,,,,,
3-Dec,266,,,,85130,,56464,,1484,27182,,,,,,,,,,,,,,,,,,,,,,,
4-Dec,267,,,,86383,,67788,,1500,17095,,,,,,,,,,,,,,,,,,,,,,,
5-Dec,268,,,,87249,,68110,,1506,17633,,,,,,,,,,,,,,,,,,,,,,,
6-Dec,269,,,,87984,,68532,,1518,17934,,,,,,,,,,,,,,,,,,,,,,,
7-Dec,270,,,,88380,,68929,,1526,17925,,,,,,,,,,,,,,,,,,,,,,,
8-Dec,271,,,,88579,,69414,,1531,17634,,,,,,,,,,,,,,,,,,,,,,,
9-Dec,272,,,,89100,,69839,,1545,17716,,,,,,,,,,,,,,,,,,,,,,,
10-Dec,273,,,,89661,,70194,,1552,17915,,,,,,,,,,,,,,,,,,,,,,,
11-Dec,274,,,,90305,,71254,,1568,17483,,,,,,,,,,,,,,,,,,,,,,,
12-Dec,275,,,,90978,,71579,,1582,17817,,,,,,,,,,,,,,,,,,,,,,,
13-Dec,276,,,,91526,,72596,,1586,17344,,,,,,,,,,,,,,,,,,,,,,,
14-Dec,277,,,,91892,,73028,,1587,17277,,,,,,,,,,,,,,,,,,,,,,,
15-Dec,278,,,,92055,,73452,,1593,17010,,,,,,,,,,,,,,,,,,,,,,,
16-Dec,279,,,,92459,,73979,,1604,16876,,,,,,,,,,,,,,,,,,,,,,,
17-Dec,280,,,,92853,,74403,,1614,16836,,,,,,,,,,,,,,,,,,,,,,,
18-Dec,281,,,,93405,,74999,,1618,16788,,,,,,,,,,,,,,,,,,,,,,,
19-Dec,282,,,,93761,,75274,,1629,16858,,,,,,,,,,,,,,,,,,,,,,,
20-Dec,283,,,,94151,,75559,,1633,16959,,,,,,,,,,,,,,,,,,,,,,,
21-Dec,284,,,,94500,,75735,,1639,17126,,,,,,,,,,,,,,,,,,,,,,,
22-Dec,285,,,,94614,,76060,,1644,16910,,,,,,,,,,,,,,,,,,,,,,,
23-Dec,286,,,,94768,,76222,,1647,16899,,,,,,,,,,,,,,,,,,,,,,,
24-Dec,287,,,,95195,,76508,,1648,17039,,,,,,,,,,,,,,,,,,,,,,,
25-Dec,288,,,,95431,,76720,,1652,17059,,,,,,,,,,,,,,,,,,,,,,,
26-Dec,289,,,,95713,,76811,,1653,17249,,,,,,,,,,,,,,,,,,,,,,,
27-Dec,290,,,,95843,,76998,,1655,17190,,,,,,,,,,,,,,,,,,,,,,,
28-Dec,291,,,,95923,,77423,,1658,16842,,,,,,,,,,,,,,,,,,,,,,,
29-Dec,292,,,,95992,,77521,,1664,16807,,,,,,,,,,,,,,,,,,,,,,,
30-Dec,293,,,,96139,,77659,,1665,16815,,,,,,,,,,,,,,,,,,,,,,,
31-Dec,294,,,,96251,,78475,,1667,16109,,,,,,,,,,,,,,,,,,,,,,,
1-Jan,295,,,,96458,,78737,,1670,16051,,,,,,,,,,,,,,,,,,,,,,,
2-Jan,296,,,,96614,,78802,,1681,16131,,,,,,,,,,,,,,,,,,,,,,,
3-Jan,297,,,,96678,,79012,,1685,15981,,,,,,,,,,,,,,,,,,,,,,,
4-Jan,298,,,,96802,,79073,,1685,16044,,,,,,,,,,,,,,,,,,,,,,,
5-Jan,299,,,,96908,,79257,,1686,15965,,,,,,,,,,,,,,,,,,,,,,,
6-Jan,300,,,,97127,,79357,,1690,16080,,,,,,,,,,,,,,,,,,,,,,,
7-Jan,301,,,,97398,,79966,,1694,15738,,,,,,,,,,,,,,,,,,,,,,,
8-Jan,302,,,,97733,,80306,,1702,15725,,,,,,,,,,,,,,,,,,,,,,,
9-Jan,303,,,,97954,,80671,,1703,15580,,,,,,,,,,,,,,,,,,,,,,,
10-Jan,304,,,,98184,,80808,,1704,15672,,,,,,,,,,,,,,,,,,,,,,,
11-Jan,305,,,,98271,,80875,,1710,15686,,,,,,,,,,,,,,,,,,,,,,,
12-Jan,306,,,,98334,,81101,,1713,15520,,,,,,,,,,,,,,,,,,,,,,,
13-Jan,307,,,,98432,,81255,,1716,15461,,,,,,,,,,,,,,,,,,,,,,,
14-Jan,308,,,,98555,,81667,,1720,15168,,,,,,,,,,,,,,,,,,,,,,,
15-Jan,309,,,,98693,,81933,,1723,15037,,,,,,,,,,,,,,,,,,,,,,,
16-Jan,310,,,,98859,,82195,,1726,14938,,,,,,,,,,,,,,,,,,,,,,,
17-Jan,311,,,,99082,,82324,,1728,15030,,,,,,,,,,,,,,,,,,,,,,,
18-Jan,312,,,,99162,,82350,,1731,15081,,,,,,,,,,,,,,,,,,,,,,,
19-Jan,313,,,,99227,,82427,,1734,15066,,,,,,,,,,,,,,,,,,,,,,,
20-Jan,314,,,,99308,,82478,,1734,15096,,,,,,,,,,,,,,,,,,,,,,,
21-Jan,315,,,,99444,,82654,,1736,15054,,,,,,,,,,,,,,,,,,,,,,,
22-Jan,316,,,,99630,,82729,,1739,15162,,,,,,,,,,,,,,,,,,,,,,,
23-Jan,317,,,,99769,,82866,,1740,15163,,,,,,,,,,,,,,,,,,,,,,,
24-Jan,318,,,,99898,,82936,,1740,15222,,,,,,,,,,,,,,,,,,,,,,,
25-Jan,319,,,,99983,,82969,,1744,15270,,,,,,,,,,,,,,,,,,,,,,,
26-Jan,320,,,,100052,,83418,,1744,14890,,,,,,,,,,,,,,,,,,,,,,,
27-Jan,321,,,,100193,,83625,,1750,14818,,,,,,,,,,,,,,,,,,,,,,,
28-Jan,322,,,,100323,,83691,,1751,14881,,,,,,,,,,,,,,,,,,,,,,,
29-Jan,323,,,,100422,,83757,,1753,14912,,,,,,,,,,,,,,,,,,,,,,,
30-Jan,324,,,,100563,,83821,,1753,14989,,,,,,,,,,,,,,,,,,,,,,,
31-Jan,325,,,,100675,,83855,,1755,15065,,,,,,,,,,,,,,,,,,,,,,,
1-Feb,326,,,,100773,,83907,,1763,15103,,,,,,,,,,,,,,,,,,,,,,,
2-Feb,327,,,,100856,,83936,,1766,15154,,,,,,,,,,,,,,,,,,,,,,,
3-Feb,328,,,,101009,,83990,,1766,15253,,,,,,,,,,,,,,,,,,,,,,,
4-Feb,329,,,,101159,,84060,,1769,15330,,,,,,,,,,,,,,,,,,,,,,,
5-Feb,330,,,,101339,,84143,,1773,15423,,,,,,,,,,,,,,,,,,,,,,,
6-Feb,331,,,,101534,,84268,,1776,15490,,,,,,,,,,,,,,,,,,,,,,,
7-Feb,332,,,,101690,,84302,,1776,15612,,,,,,,,,,,,,,,,,,,,,,,
8-Feb,333,,,,101819,,84361,,1779,15679,,,,,,,,,,,,,,,,,,,,,,,
9-Feb,334,,,,101944,,84473,,1786,15685,,,,,,,,,,,,,,,,,,,,,,,
10-Feb,335,,,,102048,,84542,,1789,15717,,,,,,,,,,,,,,,,,,,,,,,
11-Feb,336,,,,102221,,84728,,1791,15702,,,,,,,,,,,,,,,,,,,,,,,
12-Feb,337,,,,102353,,84790,,1794,15769,,,,,,,,,,,,,,,,,,,,,,,
13-Feb,338,,,,102613,,84873,,1794,15946,,,,,,,,,,,,,,,,,,,,,,,
14-Feb,339,,,,102792,,84952,,1795,16045,,,,,,,,,,,,,,,,,,,,,,,
15-Feb,340,,,,102867,,85008,,1795,16064,,,,,,,,,,,,,,,,,,,,,,,
16-Feb,341,,,,103014,,85250,,1795,15969,,,,,,,,,,,,,,,,,,,,,,,
17-Feb,342,,,,103188,,85336,,1797,16055,,,,,,,,,,,,,,,,,,,,,,,
18-Feb,343,,,,103188,,85251,,1797,16140,,,,,,,,,,,,,,,,,,,,,,,
19-Feb,344,,,,103615,,85437,,1807,16371,,,,,,,,,,,,,,,,,,,,,,,
20-Feb,345,,,,103841,,85512,,1813,16516,,,,,,,,,,,,,,,,,,,,,,,
21-Feb,346,,,,103993,,85540,,1817,16636,,,,,,,,,,,,,,,,,,,,,,,
22-Feb,347,,,,104201,,85577,,1823,16801,,,,,,,,,,,,,,,,,,,,,,,
23-Feb,348,,,,104306,,85626,,1827,16853,,,,,,,,,,,,,,,,,,,,,,,
24-Feb,349,,,,104500,,85665,,1837,16998,,,,,,,,,,,,,,,,,,,,,,,
25-Feb,350,,,,104780,,86378,,1839,16563,,,,,,,,,,,,,,,,,,,,,,,
26-Feb,351,,,,105057,,86497,,1847,16713,,,,,,,,,,,,,,,,,,,,,,,
27-Feb,352,,,,105467,,86527,,1847,17093,,,,,,,,,,,,,,,,,,,,,,,
28-Feb,353,,,,105648,,86609,,1854,17185,,,,,,,,,,,,,,,,,,,,,,,
1-Mar,354,,,,105973,,86678,,1856,17439,,,,,,,,,,,,,,,,,,,,,,,
2-Mar,355,,,,106125,,86717,,1859,17549,,,,,,,,,,,,,,,,,,,,,,,
3-Mar,356,,,,106470,,86864,,1859,17747,,,,,,,,,,,,,,,,,,,,,,,
4-Mar,357,,,,106801,,86914,,1866,18021,,,,,,,,,,,,,,,,,,,,,,,
5-Mar,358,,,,107329,,87099,,1870,18360,667,667,,667,,1.42E-05,349,,,,,,,,,,,,,,,,
6-Mar,359,,,,107729,,87179,,1870,18680,667,667,,667,,1.42E-05,350,,,,,,,,,,,,,,,,
7-Mar,360,,,,108362,,87554,,1870,18938,667,667,,667,,1.42E-05,351,,,,,,,,,,,,,,,,
8-Mar,361,,,,108827,,87570,,1876,19381,667,667,,667,,1.42E-05,352,,,,,,,,,,,,,,,,
9-Mar,362,,,,109164,,87623,,1879,19662,667,667,,667,,1.42E-05,353,,,,,,,,,,,,,,,,
10-Mar,363,,,,109643,,87745,,1886,20012,667,4000,,4000,,8.51E-05,354,,,,,,,,,,,,,,,,
11-Mar,364,,,,110356,,87903,,1898,20555,755,4000,,4000,,8.51E-05,355,,,,,,,,,,,,,,,,
12-Mar-21,365,,,829,111185,,88200,,1899,21086,884,4000,,4000,,8.51E-05,356,,,,,,,,,,,,,,,,
13-Mar,366,,,750,111935,,88200,,1901,21834,932,4000,,4000,,8.51E-05,357,,,,,,,,,,,,,,,,
14-Mar,367,,,870,112805,,88200,,1908,22697,1021,9144,,9144,,0.000194553,358,,,,,,,,,,,,,,,,
15-Mar,368,,,431,113236,,88600,,1913,22723,1442,10586,,10586,,0.000225234,359,,,,,,,,,,,,,,,,
16-Mar,369,,,731,113967,,88800,,1918,23249,1864,12450,,12450,,0.000264894,360,,,,,,,,,,,,,,,,
17-Mar,370,,,1064,115031,,88900,,1925,24206,2286,20000,,20000,,0.000425532,361,,,,,,,,,,,,,,,,
18-Mar,371,,,1279,116310,,89000,,1937,25373,3002,23002,,23002,,0.000489404,362,,,,,,,,,,,,,,,,
19-Mar,372,,,1225,117535,,89000,,1954,26581,3718,26720,,26720,,0.000568511,363,,,,,,,,,,,,,,,,
20-Mar,373,,,1354,118889,,89000,,1982,27907,4435,31125,,31125,,0.000662234,364,,,,,,,,,,,,,,,,
21-Mar,374,,,1274,120163,,89000,,1994,29169,5151,36306,,36306,,0.000772468,365,,,,,,,,,,,,,,,,
22-Mar,375,,,747,120910,,90400,,2011,28499,5534,41840,,41840,,0.000890213,366,,,,,,,,,,,,,,,,
23-Mar,376,,,1130,122040,,90600,,2023,29417,5917,48140,,48140,,0.001024255,367,,,,,,,,,,,,,,,,
24-Mar,377,,,1127,123167,,90800,,2048,30319,6300,64100,,64100,,0.00136383,368,,,,,,,,,,,,,,,,
25-Mar,378,,,1540,124707,,90800,,2066,31841,7274,71374,,71374,,0.001518596,369,,,,,,,,,,,,,,,,
26-Mar,379,,,1463,126170,,91500,,2092,32578,8249,90340,,90340,,0.001922128,370,,,,,,,,,,,,,,,,
27-Mar,380,,,2008,128178,,91500,,2098,34580,9389,99729,,99729,,0.002121894,371,,,,,,,,,,,,,,,,
28-Mar,381,,,1152,129330,,91500,,2104,35726,10530,110259,,110259,,0.002345936,372,,,,,,,,,,,,,,,,
29-Mar,382,,,884,130214,,92200,,2117,35897,11671,121930,,121930,,0.002594255,373,,,,,,,,,,,,,,,,
30-Mar,383,,,902,131116,,92300,,2135,36681,12812,134742,,134742,,0.002866851,374,,,,,,,,,,,,,,,,
31-Mar,384,,,1530,132646,,92700,,2147,37799,13953,161771,,161771,,0.003441936,375,,,,,,,,,,,,,,,,
1-Apr,385,,,1412,134058,,93100,,2153,38805,13729,175500,,175500,,0.003734043,376,,,,,,,,,,,,,,,,
2-Apr,386,,,984,135042,,93400,,2167,39475,13506,189006,,189006,,0.004021404,377,,,,,,,,,,,,,,,,
3-Apr,387,,,1851,136893,,93400,,2186,41307,13116,196435,,196435,,0.004179468,378,,,,,,,,,,,,,,,,
4-Apr,388,,,1184,138077,,93400,,2206,42471,16206,212641,,212641,,0.004524277,379,,,,,,,,,,,,,,,,
5-Apr,389,,,911,138988,,94400,,2224,42364,19297,231938,,231938,,0.004934851,380,,,,,,,,,,,,,,,,
22-Apr,390,,,460,139448,,96600,,2244,40604,22388,254326,,254326,,0.005411191,381,,,,,,,,,,,,,,,,
7-Apr,391,,,394,139842,,97200,,2276,40366,25479,279805,,279805,,0.005953298,382,,,,,,,,,,,,,,,,
8-Apr,392,,,1523,141365,,97700,,2292,41373,35528,422021,,422021,,0.00897917,383,,,,,,,,,,,,,,,,
9-Apr,393,,,1698,143063,,98200,,2309,42554,37383,459404,,459404,,0.009774553,384,,,,,,,,,,,,,,,,
10-Apr,394,,,1091,144154,,98200,,2330,43624,39237,498641,,498641,,0.010609383,385,,,,,,,,,,,,,,,,
11-Apr,395,,,1030,145184,,98200,,2348,44636,37611,536252,,536252,,0.011409617,386,,,,,,,,,,,,,,,,
12-Apr,396,,,486,145670,,99200,,2368,44102,35985,546252,,546252,,0.011622383,387,,,,,,,,,,,,,,,,
13-Apr,397,,,486,146156,,99600,,2394,44162,34358,556250,,556250,,0.011835106,388,,,,,,,,,,,,,,,,
14-Apr,398,,,991,147147,,100000,,2420,44727,32732,569244,,569244,,0.012111574,389,,,,,,,,,,,,,,,,
15-Apr,399,,,981,148128,,101000,,2420,44708,26918,596162,,596162,,0.012684298,390,,,,,,,,,,,,,,,,
16-Apr,400,,,1091,149219,,101000,,2424,45795,29299,651650,,651650,,0.013864894,391,,,,,,,,,,,,,,,,
17-Apr,401,,,1041,150260,,101000,,2443,46817,28617,680267,,680267,,0.014473766,392,,,,,,,,,,,,,,,,
18-Apr,402,,,1027,151287,,101000,,2463,47824,27935,708202,,708202,,0.015068128,393,,,,,,,,,,,,,,,,
19-Apr,403,,,366,151653,,102000,,2481,47172,27253,735455,,735455,,0.015647979,394,,,,,,,,,,,,,,,,
20-Apr,404,,,241,151894,,104000,,2501,45393,26571,745452,,745452,,0.015860681,395,,,,,,,,,,,,,,,,
21-Apr,405,,,629,152523,,105000,,2519,45004,25890,750471,,750471,,0.015967468,396,,,,,,,,,,,,,,,,
22-Apr,406,,,965,153488,,105000,,2540,45948,22098,772569,,772569,,0.016437638,397,,,,,,,,,,,,,,,,
23-Apr,407,,,904,154392,,106000,,2560,45832,18305,790874,,790874,,0.016827106,398,,,,,,,,,,,,,,,,
24-Apr,408,,,773,155165,,106000,,2583,46582,17576,790874,,790874,,0.016827106,399,,,,,,,,,,,,,,,,
25-Apr,409,,,1153,156318,,107000,,2603,46715,16847,790874,,790874,,0.016827106,400,,,,,,,,,,,,,,,,
26-Apr,410,,,469,156787,,107000,,2622,47165,16117,790874,,790874,,0.016827106,401,,,,,,,,,,,,,,,,
27-Apr,411,,,194,156981,,107000,,2643,47338,15388,790874,,790874,,0.016827106,402,,,,,,,,,,,,,,,,
28-Apr,412,,,511,157492,,108000,,2665,46827,14659,853081,,853081,,0.01815066,403,,,,,,,,,,,,,,,,
29-Apr,413,,,834,158326,,108000,,2688,47638,13301,858240,,858240,,0.018260426,404,,,,,,,,,,,,,,,,
30-Apr,414,,,495,158821,,109000,,2707,47114,11944,863399,,863399,,0.018370191,405,,,,,,,,,,,,,,,,
1-May,415,,,497,159318,,109000,,2724,47594,10587,868558,,868558,,0.018479957,406,,,,,,,,,,,,,,,,
2-May,416,,,735,160053,,109000,,2744,48309,9230,873717,,873717,,0.018589723,407,,,,,,,,,,,,,,,,
3-May,417,,,369,160422,,109000,,2763,48659,7873,878876,,878876,,0.018699489,408,,,,,,,,,,,,,,,,
4-May,418,,,137,160559,,109000,,2781,48778,6516,884035,,884035,,0.018809255,409,,,,,,,,,,,,,,,,
5-May,419,,,345,160904,,110000,,2805,48099,5159,889194,,889194,,0.018919021,410,,,,,,,,,,,,,,,,
6-May,420,,,489,161393,,110000,,2825,48568,5159,894353,,894353,,0.019028787,411,,,,,,,,,,,,,,,,
7-May,421,,,705,162098,,111000,,2850,48248,5159,899512,,899512,,0.019138553,412,,,,,,,,,,,,,,,,
8-May,422,,,572,163238,,111000,,2865,49373,5159,904671,,904671,,0.019248319,413,,,,,,,,,,,,,,,,
9-May,423,,,316,163554,,111000,,2883,49671,5159,909830,,909830,,0.019358085,414,,,,,,,,,,,,,,,,
10-May,424,,,66,163620,,111000,,2895,49725,5159,914989,,914989,,0.019467851,415,,,,,,,,,,,,,,,,
11-May,425,,,356,163976,,112000,,2907,49069,5159,920148,,920148,,0.019577617,416,,,,,,,,,,,,,,,,
12-May,426,,,410,164386,,113000,,2928,48458,5159,925307,,925307,,0.019687383,417,,,,,,,,,,,,,,,,
13-May,427,,,334,164720,,113000,,2950,48770,5159,930460,,930460,,0.019797021,418,,,,,,,,,,,,,,,,
14-May,428,,,392,165112,,113000,,2968,49144,4847,933436,,933436,,0.01986034,419,,,,,,,,,,,,,,,,
15-May,429,,,267,165379,,113000,,2976,49403,4457,937893,,937893,,0.01995517,420,,,,,,,,,,,,,,,,
16-May,430,,,86,165465,,113000,,3001,49464,4058,941951,,941951,,0.020041511,421,,,,,,,,,,,,,,,,
17-May,431,,,72,165537,,113000,,3003,49534,3678,945629,,945629,,0.020119766,422,,,,,,,,,,,,,,,,
18-May,432,,,469,166006,,113000,,3013,49993,3289,948918,,948918,,0.020189745,423,,,,,,,,,,,,,,,,
19-May,433,,,376,166382,,114000,,3021,49361,2899,945597,,945597,,0.020119085,424,,,,,,,,,,,,,,,,
20-May,434,,,494,166876,,114000,,3035,49841,2646,948980,,948980,,0.020191064,425,,,,,,,,,,,,,,,,
21-May,435,,,376,166382,,115000,,3040,48342,2513,951026,,951026,,0.020234596,426,,,,,,,,,,,,,,,,
22-May,436,,,494,166876,,116000,,3043,47833,2375,951026,,951026,,0.020234596,427,,,,,,,,,,,,,,,,
23-May,437,,,659,167535,,117000,,3049,47486,2236,953954,,953954,,0.020296894,428,,,,,,,,,,,,,,,,
24-May,438,,,573,168108,,117000,,3059,48049,1969,954515,,954515,,0.02030883,429,,,,,,,,,,,,,,,,
25-May,439,,,324,168432,,117000,,3073,48359,2091,957804,,957804,,0.020378809,430,,,,,,,,,,,,,,,,
26-May,440,,,111,168543,,117000,,3087,48456,2112,960379,,960379,,0.020433596,431,,,,,,,,,,,,,,,,
27-May,441,,,431,169356,,117000,,3097,49259,2037,963241,,963241,,0.020494489,432,,,,,,,,,,,,,,,,
28-May,442,,,341,169697,,117000,,3108,49589,2201,966433,,966433,,0.020562404,433,,,,,,,,,,,,,,,,
29-May,443,,,344,170041,,117000,,3124,49917,2320,968733,,968733,,0.02061134,434,,,,,,,,,,,,,,,,
30-May,444,,,444,170485,,117000,,3141,50344,2180,968733,,968733,,0.02061134,435,,,,,,,,,,,,,,,,
31-May,445,,,162,170647,,117000,,3157,50490,2168,969489,203,969692,4.32E-06,0.020631745,436,,,,,,,,,,,,,,,,
1-Jun,446,,,88,170735,,117000,,3172,50563,1843,969489,203,969692,4.32E-06,0.020631745,437,,,,,,,,,,,,,,,,
2-Jun,447,,,349,171084,,117000,,3188,50896,1619,971243,471,971714,1.00E-05,0.020674766,438,,,,,,,,,,,,,,,,
3-Jun,448,,,142,171226,,117000,,3206,51020,1535,972601,1386,973987,2.95E-05,0.020723128,439,,,,,,,,,,,,,,,,
4-Jun,449,,,432,171658,,117000,,3223,51435,1444,974000,2541,976541,5.41E-05,0.020777468,440,,,,,,,,,,,,,,,,
5-Jun,450,,,284,171942,,117000,,3240,51702,1879,975265,6622,981887,0.000140894,0.020891213,441,,,,,,,,,,,,,,,,
6-Jun,451,,,383,172325,,117000,,3264,52061,2052,975399,8181,983580,0.000174064,0.020927234,442,,,,,,,,,,,,,,,,
7-Jun,452,,,166,172491,,118000,,3287,51204,2762,975835,13194,989029,0.000280723,0.02104317,443,,,,,,,,,,,,,,,,
8-Jun,453,,,148,172639,,119000,,3308,50331,4972,978127,27382,1005509,0.000582596,0.021393809,444,,,,,,,,,,,,,,,,
9-Jun,454,,,433,173072,,119000,,3326,50746,8390,979955,50490,1030445,0.001074255,0.021924362,445,,,,,,,,,,,,,,,,
10-Jun,455,,,589,173661,,119000,,3345,51316,12161,982310,76807,1059117,0.001634191,0.022534404,446,,,,,,,,,,,,,,,,
11-Jun,456,,,624,174285,,120000,,3361,50924,16940,985070,110052,1095122,0.002341532,0.023300468,447,,,,,,,,,,,,,,,,
12-Jun,457,,,488,174773,,120000,,3378,51395,17465,985970,110052,1096022,0.002341532,0.023319617,448,,,,,,,,,,,,,,,,
13-Jun,458,,,403,175176,,120000,,3396,51780,18511,986881,126277,1113158,0.002686745,0.023684213,449,,,,,,,,,,,,,,,,
14-Jun,459,,,161,175337,,120000,,3410,51927,18142,987277,128744,1116021,0.002739234,0.023745128,450,,,,,,,,,,,,,,,,
15-Jun,460,,,344,175681,,121000,,3428,51253,19034,989422,149326,1138748,0.003177149,0.024228681,451,,,,,,,,,,,,,,,,
16-Jun,461,,,456,176137,,121000,,3428,51709,17900,991184,164561,1155745,0.003501298,0.024590319,452,,,,,,,,,,,,,,,,
17-Jun,462,,,485,176622,,122000,,3434,51188,15006,992418,171743,1164161,0.003654106,0.024769383,453,,,,,,,,,,,,,,,,
18-Jun,463,,,660,177282,,122000,,3437,51845,11278,993670,180401,1174071,0.003838319,0.024980234,454,,,,,,,,,,,,,,,,
19-Jun,464,,,796,178078,,122000,,3447,52631,11064,995012,186966,1181978,0.003978,0.025148468,455,,,,,,,,,,,,,,,,
20-Jun,465,,,714,178792,,122000,,3456,53336,10031,995570,188364,1183934,0.004007745,0.025190085,456,,,,,,,,,,,,,,,,
21-Jun,466,,,283,179075,,122000,,3461,53614,10235,996414,192093,1188507,0.004087085,0.025287383,457,,,,,,,,,,,,,,,,
22-Jun,467,,,218,179293,,123000,,3484,52809,7449,997420,194475,1191895,0.004137766,0.025359468,458,,,,,,,,,,,,,,,,
23-Jun,468,,,583,179876,,123000,,3514,53362,6511,998073,203905,1201978,0.004338404,0.025574,459,,,,,,,,,,,,,,,,
24-Jun,469,,,622,180498,,123000,,3538,53960,7999,1000000,222078,1222078,0.004725064,0.02600166,460,,,,,,,,,,,,,,,,
25-Jun,470,,,741,181239,,123000,,3556,54683,10788,1000000,222078,1222078,0.004725064,0.02600166,461,,,,,,,,,,,,,,,,
26-Jun,471,,,646,181885,,124000,,3574,54311,13919,1000000,277312,1277312,0.005900255,0.027176851,462,,,,,,,,,,,,,,,,
27-Jun,472,,,508,182393,,124000,,3595,54798,14914,1000000,285277,1285277,0.006069723,0.027346319,463,,,,,,,,,,,,,,,,
28-Jun,473,,,204,182597,,125000,,3612,53985,15049,1010000,289800,1299800,0.006165957,0.027655319,464,,,,,,,,,,,,,,,,
29-Jun,474,,,287,182884,,125000,,3621,54263,20551,1010000,328848,1338848,0.006996766,0.028486128,465,,,,,,,,,,,,,,,,
30-Jun,475,,,719,183603,,125684,,3634,54285,25323,1010000,370465,1380465,0.007882234,0.029371596,466,,,,,,,,,,,,,,,,
1-Jul,476,,,558,184161,,126594,,3640,53927,28136,1010000,406146,1416146,0.008641404,0.030130766,467,,,,,,,,,,,,,,,,
2-Jul,477,,,376,184537,,126680,,3651,54206,28294,1020000,433753,1453753,0.009228787,0.030930915,468,,,,,,,,,,,,,,,,
3-Jul,478,,,523,185060,,126956,,3651,54453,27126,1020000,452718,1472718,0.009632298,0.031334426,469,,,,,,,,,,,,,,,,
4-Jul,479,,,531,185591,,127625,,3671,54295,26585,1020000,456384,1476384,0.009710298,0.031412426,470,,,,,,,,,,,,,,,,
5-Jul,480,,,277,185868,,128811,,3675,53382,26416,1020000,456384,1476384,0.009710298,0.031412426,471,,,,,,,,,,,,,,,,
6-Jul,481,,,185,186053,,129165,,3690,53198,22910,1020000,456384,1476384,0.009710298,0.031412426,472,,,,,,,,,,,,,,,,
7-Jul,482,,,400,186453,,174522,,3697,8234,19015,1020000,489711,1509711,0.010419383,0.032121511,473,,,,,,,,,,,,,,,,
8-Jul,483,,,506,186959,,176456,,3705,6798,15335,1020000,500311,1520311,0.010644915,0.032347043,474,,,,,,,,,,,,,,,,
9-Jul,484,,,566,187525,,177783,,3716,6026,11843,1030000,505124,1535124,0.010747319,0.032662213,475,,,,,,,,,,,,,,,,
10-Jul,485,,,452,187977,,178119,,3718,6140,9416,1030000,505124,1535124,0.010747319,0.032662213,476,,,,,,,,,,,,,,,,
11-Jul,486,,,536,188513,,179520,,3721,5272,9317,1030000,512127,1542127,0.010896319,0.032811213,477,,,,,,,,,,,,,,,,
12-Jul,487,,,241,188754,,179861,,3722,5171,9882,1030000,518971,1548971,0.011041936,0.03295683,478,,,,,,,,,,,,,,,,
13-Jul,488,,,188,188942,,180624,,3723,4595,7896,1030000,521720,1551720,0.011100426,0.033015319,479,,,,,,,,,,,,,,,,
14-Jul,489,,,761,189703,,180080,,3732,5891,7664,1030000,534491,1564491,0.011372149,0.033287043,480,,,,,,,,,,,,,,,,
15-Jul,490,,,480,190183,,180420,,3737,6026,11934,1040000,572361,1612361,0.012177894,0.034305553,481,,,,,,,,,,,,,,,,
16-Jul,491,,,837,191020,,180543,,3746,6731,11803,1040000,572361,1612361,0.012177894,0.034305553,482,,,,,,,,,,,,,,,,
17-Jul,492,,,692,191712,,181682,,3754,6276,11934,1040000,581003,1621003,0.012361766,0.034489426,483,,,,,,,,,,,,,,,,
18-Jul,493,,,723,192435,,182326,,3760,6349,11625,1040000,582391,1622391,0.012391298,0.034518957,484,,,,,,,,,,,,,,,,
19-Jul,494,,,323,192758,,182921,,3775,6062,11552,1040000,582391,1622391,0.012391298,0.034518957,485,,,,,,,,,,,,,,,,
20-Jul,495,,,431,193189,,183211,,3783,6195,12150,1040000,595124,1635124,0.012662213,0.034789872,486,,,,,,,,,,,,,,,,
21-Jul,496,,,618,193807,,183980,,3800,6027,10162,1040000,595810,1635810,0.012676809,0.034804468,487,,,,,,,,,,,,,,,,
22-Jul,497,,,503,194310,,184461,,3811,6038,5841,1040000,606414,1646414,0.012902426,0.035030085,488,,,,,,,,,,,,,,,,
23-Jul,498,,,801,195111,,184885,,3826,6400,6913,1040000,616922,1656922,0.013126,0.03525366,489,,,,,,,,,,,,,,,,
24-Jul,499,,,787,195898,,185762,,3838,6298,7512,1050000,624415,1674415,0.013285426,0.035625851,490,,,,,,,,,,,,,,,,
25-Jul,500,,,847,196745,,185808,,3849,7088,7460,1050000,625332,1675332,0.013304936,0.035645362,491,,,,,,,,,,,,,,,,
26-Jul,501,,,664,197409,,186594,,3865,6950,6474,1050000,625680,1675680,0.01331234,0.035652766,492,,,,,,,,,,,,,,,,
27-Jul,502,,,550,197959,,187563,,3872,6524,6780,1050000,633052,1683052,0.013469191,0.035809617,493,,,,,,,,,,,,,,,,
28-Jul,503,,,976,198935,,187824,,3882,7229,8045,1050000,640450,1690450,0.013626596,0.035967021,494,,,,,,,,,,,,,,,,
29-Jul,504,,,1006,199941,,188222,,3895,7824,8409,1060000,652393,1712393,0.013880702,0.036433894,495,,,,,,,,,,,,,,,,
30-Jul,505,,,1068,201009,,188438,,3910,8661,7284,1060000,654270,1714270,0.013920638,0.03647383,496,,,,,,,,,,,,,,,,
31-Jul,506,,,945,201954,,188936,,3926,9092,6919,1060000,654270,1714270,0.013920638,0.03647383,497,,,,,,,,,,,,,,,,
1-Aug,507,,,,203213,,189131,,3931,10151,7644,1060000,662089,1722089,0.014087,0.036640191,498,,,,,,,,,,,,,,,,
2-Aug,508,,,,203680,,189692,,3946,10042,7666,1060000,662437,1722437,0.014094404,0.036647596,499,,,,,,,,,,,,,,,,
3-Aug,509,,,,204271,,190095,,3970,10206,7302,1070000,666398,1736398,0.014178681,0.036944638,500,,,,,,,,,,,,,,,,
4-Aug,510,,,,205356,,191188,,3995,10173,6970,1070000,670284,1740284,0.014261362,0.037027319,501,,,,,,,,,,,,,,,,
5-Aug,511,,,,206691,,195685,,4025,6981,6075,1080000,674452,1754452,0.014350043,0.037328766,502,,,,,,,,,,,,,,,,
6-Aug,512,,,,208262,,195787,,4057,8418,7996,1080000,684506,1764506,0.014563957,0.037542681,503,,,,,,,,,,,,,,,,
7-Aug,513,,,,209823,,197029,,4088,8706,10593,1100000,695690,1795690,0.014801915,0.03820617,504,,,,,,,,,,,,,,,,
8-Aug,514,,,,211028,,197307,,4117,9604,10394,1100000,695690,1795690,0.014801915,0.03820617,505,,,,,,,,,,,,,,,,
9-Aug,515,,,,211828,,197468,,4149,10211,11063,1110000,698905,1808905,0.014870319,0.03848734,506,,,,,,,,,,,,,,,,
10-Aug,516,,,,212573,,198786,,4179,9608,15476,1130000,710711,1840711,0.015121511,0.039164064,507,,,,,,,,,,,,,,,,
11-Aug,517,,,,213756,,199439,,4211,10106,20058,1160000,721179,1881179,0.015344234,0.040025085,508,,,,,,,,,,,,,,,,
12-Aug,518,,,,215730,,199998,,4241,11491,24546,1190000,729667,1919667,0.01552483,0.040843979,509,,,,,,,,,,,,,,,,
13-Aug,519,,,,217276,,201054,,4273,11949,28808,1230000,738339,1968339,0.01570934,0.041879553,510,,,,,,,,,,,,,,,,
14-Aug,520,,,,218713,,202372,,4302,12039,30718,1260000,744186,2004186,0.015833745,0.042642255,511,,,,,,,,,,,,,,,,
15-Aug,521,,,,219938,,203922,,4319,11697,33476,1290000,746267,2036267,0.015878021,0.04332483,512,,,,,,,,,,,,,,,,
16-Aug,522,,,,220727,,205912,,4340,10475,35620,1310000,747867,2057867,0.015912064,0.043784404,513,,,,,,,,,,,,,,,,
17-Aug,523,,,,221406,,207450,,4350,9606,37418,1310000,747867,2057867,0.015912064,0.043784404,514,,,,,,,,,,,,,,,,
18-Aug,524,,,,222894,,208169,,4354,10371,38977,1390000,760920,2150920,0.016189787,0.045764255,515,,,,,,,,,,,,,,,,
19-Aug,525,,,,224400,,209839,,4378,10183,42803,1450000,767602,2217602,0.016331957,0.047183021,516,,,,,,,,,,,,,,,,
20-Aug,526,,,,225663,,211781,,4404,9478,45804,1520000,773067,2293067,0.016448234,0.04878866,517,,,,,,,,,,,,,,,,
21-Aug,527,,,,227077,,212036,,4435,10606,52236,1600000,778862,2378862,0.016571532,0.050614085,518,,,,,,,,,,,,,,,,
22-Aug,528,,,,228363,,213473,,4467,10423,51827,1620000,780377,2400377,0.016603766,0.051071851,519,,,,,,,,,,,,,,,,
23-Aug,529,,,,229009,,215374,,4497,9138,51213,1630000,781187,2411187,0.016621,0.051301851,520,,,,,,,,,,,,,,,,
24-Aug,530,,,,229628,,216127,,4528,8973,56704,1710000,786340,2496340,0.016730638,0.053113617,521,,,,,,,,,,,,,,,,
25-Aug,531,,,,230794,,216771,,4564,9459,61548,1790000,791295,2581295,0.016836064,0.05492117,522,,,,,,,,,,,,,,,,
26-Aug,532,,,,232052,,218228,,4600,9224,61159,1850000,795190,2645190,0.016918936,0.056280638,523,,,,,,,,,,,,,,,,
27-Aug,533,,,,232869,,219706,,4635,8528,57463,1890000,798799,2688799,0.016995723,0.057208489,524,,,,,,,,,,,,,,,,
28-Aug,534,,,,233801,,219706,,4666,9429,50391,1930000,801486,2731486,0.017052894,0.058116723,525,,,,,,,,,,,,,,,,
29-Aug,535,,,,234589,,220953,,4694,8942,49448,1950000,802511,2752511,0.017074702,0.058564064,526,,,,,,,,,,,,,,,,
30-Aug,536,,,,234952,,222357,,4710,7885,48580,1970000,802926,2772926,0.017083532,0.058998426,527,,,,,,,,,,,,,,,,
31-Aug,537,,,,235298,,223637,,4720,6941,38863,1990000,804583,2794583,0.017118787,0.059459213,528,,,,,,,,,,,,,,,,
1-Sep,538,,,,235863,,224270,,4726,6867,29521,2000000,806404,2806404,0.017157532,0.059710723,529,,,,,,,,,,,,,,,,
2-Sep,539,,,,236881,,224882,,4739,7260,22589,2020000,807660,2827660,0.017184255,0.060162979,530,,,,,,,,,,,,,,,,
3-Sep,540,,,,237851,,226037,,4746,7068,16621,2040000,809380,2849380,0.017220851,0.060625106,531,,,,,,,,,,,,,,,,
4-Sep,541,,,,238852,,227274,,4757,6821,18247,2050000,811158,2861158,0.017258681,0.060875702,532,,,,,,,,,,,,,,,,
5-Sep,542,,,,239692,,228083,,4778,6831,17190,2060000,812151,2872151,0.017279809,0.061109596,533,,,,,,,,,,,,,,,,
6-Sep,543,,,,240172,,229006,,4786,6380,16875,2080000,813312,2893312,0.017304511,0.06155983,534,,,,,,,,,,,,,,,,
7-Sep,544,,,,240430,,229762,,4795,5873,14517,2120000,814375,2934375,0.017327128,0.062433511,535,,,,,,,,,,,,,,,,
8-Sep,545,,,,241134,,230095,,4800,6239,20282,2120000,817210,2937210,0.017387447,0.06249383,536,,,,,,,,,,,,,,,,
9-Sep,546,,,,241783,,230407,,4830,6546,25009,2210000,823260,3033260,0.01751617,0.064537447,537,,,,,,,,,,,,,,,,
10-Sep,547,,,,242284,,230940,,4864,6480,31763,2210000,823260,3033260,0.01751617,0.064537447,538,,,,,,,,,,,,,,,,
11-Sep,548,,,,242945,,231958,,4896,6091,29524,2260000,823260,3083260,0.01751617,0.065601277,539,,,,,,,,,,,,,,,,
12-Sep,549,,,,243456,,232918,,4902,5636,32629,2270000,827964,3097964,0.017616255,0.065914128,540,,,,,,,,,,,,,,,,
13-Sep,550,,,,243725,,233902,,4906,4917,32774,2270000,828980,3098980,0.017637872,0.065935745,541,,,,,,,,,,,,,,,,
14-Sep,551,,,,243929,,234737,,4923,4269,38728,2350000,828980,3178980,0.017637872,0.067637872,542,,,,,,,,,,,,,,,,
15-Sep,552,,,,244380,,235196,,4928,4256,36831,2400000,838565,3238565,0.017841809,0.068905638,543,,,,,,,,,,,,,,,,
16-Sep,553,,,,244826,,235469,,4949,4408,36964,2440000,844110,3284110,0.017959787,0.069874681,544,,,,,,,,,,,,,,,,
17-Sep,554,,,,245337,,236169,,4961,4207,36960,2480000,850922,3330922,0.018104723,0.070870681,545,,,,,,,,,,,,,,,,
18-Sep,555,,,,245781,,236803,,4965,4013,39512,2480000,857370,3337370,0.018241915,0.071007872,546,,,,,,,,,,,,,,,,
19-Sep,556,,,,246296,,237295,,4980,4021,37169,2500000,857370,3357370,0.018241915,0.071433404,547,,,,,,,,,,,,,,,,
20-Sep,557,,,,246530,,237950,,4989,3591,37788,2540000,859453,3399453,0.018286234,0.072328787,548,,,,,,,,,,,,,,,,
21-Sep,558,,,,246643,,238448,,4995,3200,37581,2590000,865141,3455141,0.018407255,0.073513638,549,,,,,,,,,,,,,,,,
22-Sep,559,,,,246956,,238707,,5008,3241,38422,2630000,871315,3501315,0.018538617,0.074496064,550,,,,,,,,,,,,,,,,
23-Sep,560,,,,247358,,238884,,5018,3456,38012,2670000,876015,3546015,0.018638617,0.075447128,551,,,,,,,,,,,,,,,,
24-Sep,561,,,,247675,,239298,,5045,3332,37711,2710000,881563,3591563,0.01875666,0.076416234,552,,,,,,,,,,,,,,,,
25-Sep,562,,,,248069,,239730,,5082,3257,37468,2720000,886760,3606760,0.018867234,0.076739574,553,,,,,,,,,,,,,,,,
26-Sep,563,,,,248392,,240235,,5096,3061,37446,2740000,889083,3629083,0.01891666,0.077214532,554,,,,,,,,,,,,,,,,
27-Sep,564,,,,248461,,240672,,5102,2687,35576,2770000,889298,3659298,0.018921234,0.077857404,555,,,,,,,,,,,,,,,,
28-Sep,565,,,,248515,,241180,,5109,2226,36529,2810000,892670,3702670,0.018992979,0.078780213,556,,,,,,,,,,,,,,,,
29-Sep,566,,,,248770,,241411,,5116,2243,35853,2860000,898553,3758553,0.019118149,0.079969213,557,,,,,,,,,,,,,,,,
30-Sep,567,,,,249174,,241520,,5119,2535,36291,2900000,904904,3804904,0.019253277,0.080955404,558,,,,,,,,,,,,,,,,
1-Oct,568,,,,249434,,241828,,5123,2483,36673,2900000,914129,3814129,0.019449553,0.081151681,559,,,,,,,,,,,,,,,,
2-Oct,569,,,,249725,,242227,,5128,2370,37228,2930000,926037,3856037,0.019702915,0.08204334,560,,,,,,,,,,,,,,,,
3-Oct,570,,,,250023,,242535,,5131,2357,37247,2940000,929499,3869499,0.019776574,0.082329766,561,,,,,,,,,,,,,,,,
4-Oct,571,,,,250114,,242857,,5140,2117,39039,2960000,930740,3890740,0.019802979,0.082781702,562,,,,,,,,,,,,,,,,
5-Oct,572,,,,250191,,243064,,5141,1986,38707,2990000,947543,3937543,0.020160489,0.083777511,563,,,,,,,,,,,,,,,,
6-Oct,573,,,,250380,,243286,,5150,1944,39781,3020000,967553,3987553,0.020586234,0.084841553,564,,,,,,,,,,,,,,,,
7-Oct,574,,,,250510,,243337,,5175,1998,49920,3140000,1020000,4160000,0.021702128,0.088510638,565,,,,,,,,,,,,,,,,
8-Oct,575,,,,250728,,243591,,5178,1959,48043,3140000,1020000,4160000,0.021702128,0.088510638,566,,,,,,,,,,,,,,,,
9-Oct,576,,,,250898,,243772,,5179,1947,46110,3141000,1050000,4191000,0.022340426,0.089170213,567,,,,,,,,,,,,,,,,
10-Oct,577,,,,251057,,243944,,5181,1932,45484,3160000,1050000,4210000,0.022340426,0.089574468,568,,,,,,,,,,,,,,,,
11-Oct,578,,,,251152,,243644,,5181,2327,44966,3160000,1050000,4210000,0.022340426,0.089574468,569,,,,,,,,,,,,,,,,
12-Oct,579,,,,251248,,244533,,5190,1525,39235,3280000,1060000,4340000,0.022553191,0.092340426,570,,,,,,,,,,,,,,,,
13-Oct,580,,,,251313,,244746,,5195,1372,44348,3290000,1060000,4350000,0.022553191,0.092553191,571,,,,,,,,,,,,,,,,
14-Oct,581,,,,251483,,244935,,5198,1350,40034,3300000,1060000,4360000,0.022553191,0.092765957,572,,,,,,,,,,,,,,,,
15-Oct,582,,,,251669,,245077,,5202,1390,47821,3340000,1200000,4540000,0.025531915,0.096595745,573,,,,,,,,,,,,,,,,
16-Oct,583,,,,251803,,245178,,5210,1415,45232,3380000,1210000,4590000,0.025744681,0.097659574,574,,,,,,,,,,,,,,,,
17-Oct,584,,,,251959,,245254,,5215,1490,46897,3420000,1220000,4640000,0.025957447,0.098723404,575,,,,,,,,,,,,,,,,
18-Oct,585,,,,252033,,245347,,5223,1463,55619,3420000,1250000,4670000,0.026595745,0.099361702,576,,,,,,,,,,,,,,,,
19-Oct,586,,,,252066,,245577,,5224,1265,66369,3490000,1300000,4790000,0.027659574,0.101914894,577,,,,,,,,,,,,,,,,
20-Oct,587,,,,252199,,245786,,5233,1180,61833,3500000,1320000,4820000,0.028085106,0.102553191,578,,,,,,,,,,,,,,,,
21-Oct,588,,,,252308,,245882,,5238,1188,60959,3510000,1320000,4830000,0.028085106,0.102765957,579,,,,,,,,,,,,,,,,
22-Oct,589,,,,252375,,245962,,5238,1175,60085,3550000,1410000,4960000,0.03,0.105531915,580,,,,,,,,,,,,,,,,
23-Oct,590,,,,252499,,246027,,5249,1223,61451,3580000,1430000,5010000,0.030425532,0.106595745,581,,,,,,,,,,,,,,,,
24-Oct,591,,,,252628,,246274,,5255,1099,60527,3610000,1430000,5040000,0.030425532,0.107234043,582,,,,,,,,,,,,,,,,
25-Oct,592,,,,252672,,246355,,5257,1060,62739,3640000,1480000,5120000,0.031489362,0.10893617,583,,,,,,,,,,,,,,,,
26-Oct,593,,,,252688,,246390,,5260,1038,58486,3670000,1510000,5180000,0.03212766,0.110212766,584,,,,,,,,,,,,,,,,
27-Oct,594,,,,252839,,246505,,5263,1071,59985,3680000,1550000,5230000,0.032978723,0.111276596,585,,,,,,,,,,,,,,,,
28-Oct,595,,,,252938,,246569,,5266,1103,58265,3690000,1580000,5270000,0.033617021,0.11212766,586,,,,,,,,,,,,,,,,
29-Oct,596,,,,253018,,246621,,5270,1127,55649,3690000,1620000,5310000,0.034468085,0.112978723,587,,,,,,,,,,,,,,,,
30-Oct,597,,,,253151,,246765,,5273,1113,53835,3690000,1630000,5320000,0.034680851,0.113191489,588,,,,,,,,,,,,,,,,
31-Oct,598,,,,253293,,246829,,5276,1188,53920,3690000,1630000,5320000,0.034680851,0.113191489,589,,,,,,,,,,,,,,,,
1-Nov,599,,,,253310,,246921,,5281,1108,49689,3710000,1670000,5380000,0.035531915,0.114468085,590,,,,,,,,,,,,,,,,
2-Nov,600,,,,253339,,246957,,5281,1101,49373,3710000,1670000,5380000,0.035531915,0.114468085,591,,,,,,,,,,,,,,,,
3-Nov,601,,,,253409,,247025,,5282,1102,46917,3740000,1740000,5480000,0.037021277,0.116595745,592,,,,,,,,,,,,,,,,
4-Nov,602,,,,253512,,247156,,5282,1074,45836,3760000,1780000,5540000,0.03787234,0.11787234,593,,,,,,,,,,,,,,,,
5-Nov,603,,,,253661,,247202,,5296,1163,45637,3780000,1830000,5610000,0.03893617,0.119361702,594,,,,,,,,,,,,,,,,
6-Nov,604,,,,253737,,247243,,5296,1198,45293,3790000,1840000,5630000,0.039148936,0.119787234,595,,,,,,,,,,,,,,,,
7-Nov,605,,,,253813,,247300,,5305,1208,47966,3790000,1840000,5630000,0.039148936,0.119787234,596,,,,,,,,,,,,,,,,
8-Nov,606,,,,253833,,247370,,5312,1151,44760,3810000,1880000,5690000,0.04,0.12106383,597,,,,,,,,,,,,,,,,
9-Nov,607,,,,253853,,247458,,5312,1083,45918,3830000,1930000,5760000,0.04106383,0.122553191,598,,,,,,,,,,,,,,,,
10-Nov,608,,,,253879,31,247489,,5314,1076,48616,3830000,1930000,5760000,0.04106383,0.122553191,599,,,,,,,,,,,,,,,,
11-Nov,609,,,,254057,38,247527,,5314,1216,49498,3830000,2030000,5860000,0.043191489,0.124680851,600,,,,,,,,,,,,,,,,
12-Nov,610,,,,254151,47,247574,,5315,1262,45211,3830000,2030000,5860000,0.043191489,0.124680851,601,,,,,,,,,,,,,,,,
13-Nov,611,,,,254215,,247633,,5316,1266,48400,3830000,2030000,5860000,0.043191489,0.124680851,602,,,,,,,,,,,,,,,,
14-Nov,612,,,,254276,,247645,,5316,1315,48597,3890000,2110000,6000000,0.044893617,0.127659574,603,,,,,,,,,,,,,,,,
15-Nov,613,,,,254297,,247682,,5316,1299,56057,3910000,2180000,6090000,0.046382979,0.129574468,604,,,,,,,,,,,,,,,,
16-Nov,614,,,,254309,,247711,,5319,1279,59034,3910000,2180000,6090000,0.046382979,0.129574468,605,,,,,,,,,,,,,,,,
17-Nov,615,,,,254384,,247791,,5322,1271,60471,3940000,2300000,6240000,0.04893617,0.132765957,606,,,,,,,,,,,,,,,,
18-Nov,616,,,,254453,,247817,,5325,1311,59755,3960000,2350000,6310000,0.05,0.134255319,607,,,,,,,,,,,,,,,,
19-Nov,617,,,,254541,,247874,,5325,1342,60263,3960000,2350000,6310000,0.05,0.134255319,608,,,,,,,,,,,,,,,,
20-Nov,618,,,,254629,,247919,,5325,1385,60771,4090000,2400000,6490000,0.05106383,0.138085106,609,,,,,,,,,,,,,,,,
21-Nov,619,,,,254688,,247954,,5325,1409,65762,4090000,2400000,6490000,0.05106383,0.138085106,610,,,,,,,,,,,,,,,,
22-Nov,620,,,,254710,,247975,,5328,1407,63489,4090000,2400000,6490000,0.05106383,0.138085106,611,,,,,,,,,,,,,,,,
23-Nov,621,,,,254728,,247992,,5328,1408,61860,4090000,2510000,6600000,0.053404255,0.140425532,612,,,,,,,,,,,,,,,,
24-Nov,622,,,,254781,,248018,,5330,1433,64919,4330000,2560000,6890000,0.054468085,0.146595745,613,,,,,,,,,,,,,,,,
25-Nov,623,,,,254816,,248070,,5332,1414,71328,4410000,2600000,7010000,0.055319149,0.149148936,614,,,,,,,,,,,,,,,,
26-Nov,624,,,,254862,,248085,,5333,1444,80791,4480000,2650000,7130000,0.056382979,0.151702128,615,,,,,,,,,,,,,,,,
27-Nov,625,,,,254904,,248116,,5333,1455,,4480000,2650000,7130000,0.056382979,0.151702128,616,,,,,,,,,,,,,,,,
28-Nov,626,,,,254940,,248131,,5333,1476,,4510000,2660000,7170000,0.056595745,0.152553191,617,,,,,,,,,,,,,,,,
29-Nov,627,,,,254951,,248308,,5333,1310,,4580000,2710000,7290000,0.057659574,0.155106383,618,,,,,,,,,,,,,,,,
30-Nov,628,,,,254979,,248318,,5334,1327,,4660000,2760000,7420000,0.058723404,0.15787234,619,,,,,,,,,,,,,,,,
1-Dec,629,,,,255088,,248350,,5335,1403,,4660000,2760000,7420000,0.058723404,0.15787234,620,,,,,,,,,,,,,,,,
2-Dec,630,,,,255164,,248376,,5335,1453,,4820000,2880000,7700000,0.061276596,0.163829787,621,,,,,,,,,,,,,,,,
3-Dec,631,,,,255260,,248376,,5335,1549,,4890000,2930000,7820000,0.062340426,0.166382979,622,,,,,,,,,,,,,,,,
4-Dec,632,,,,255355,,248404,,5335,1616,,4890000,2930000,7820000,0.062340426,0.166382979,623,,,,,,,,,,,,,,,,
5-Dec,633,,,,255408,,248426,,5335,1647,,4940000,2950000,7890000,0.062765957,0.16787234,624,,,,,,,,,,,,,,,,
6-Dec,634,,,,255437,,248444,,5335,1658,,5000000,3000000,8000000,0.063829787,0.170212766,625,,,,,,,,,,,,,,,,
7-Dec,635,,,,255469,,248452,,5337,1680,,5000000,3060000,8060000,0.065106383,0.171489362,626,,,,,,,,,,,,,,,,
8-Dec,636,,,,255544,,248473,,5337,1734,,5080000,3120000,8200000,0.066382979,0.174468085,627,,,,,,,,,,,,,,,,
9-Dec,637,,,,255652,,248480,,5339,1833,,5160000,3180000,8340000,0.067659574,0.177446809,628,,,,,,,,,,,,,,,,
10-Dec,638,,,,255796,,248488,,5342,1966,,5250000,3240000,8490000,0.06893617,0.180638298,629,,,,,,,,,,,,,,,,
11-Dec,639,,,,255932,,248511,,5346,2075,,5250000,3250000,8500000,0.069148936,0.180851064,630,,,,,,,,,,,,,,,,
12-Dec,640,,,,256134,,248515,,5348,2271,,5360000,3260000,8620000,0.069361702,0.183404255,631,,,,,,,,,,,,,,,,
13-Dec,641,,,,256335,,248551,,5349,2435,,5380000,3260000,8640000,0.069361702,0.183829787,632,,,,,,,,,,,,,,,,
14-Dec,642,,,,256484,,248804,,5349,2331,,5380000,3350000,8730000,0.071276596,0.185744681,633,,,,,,,,,,,,,,,,
15-Dec,643,,,,256815,,249009,,5350,2456,,5510000,3480000,8990000,0.074042553,0.191276596,634,,,,,,,,,,,,,,,,
16-Dec,644,,,,257614,,249154,,5350,3110,,5510000,3480000,8990000,0.074042553,0.191276596,635,,,,,,,,,,,,,,,,
17-Dec,645,,,,258557,,249192,,5353,4012,,5740000,3480000,9220000,0.074042553,0.196170213,636,,,,,,,,,,,,,,,,
18-Dec,646,,,,260166,,249222,,5353,5591,,5740000,3480000,9220000,0.074042553,0.196170213,637,,,,,,,,,,,,,,,,
19-Dec,647,,,,262335,,249296,,5353,7686,,5930000,3590000,9520000,0.076382979,0.202553191,638,,,,,,,,,,,,,,,,
20-Dec,648,,,,263707,,249315,,5353,9039,,5930000,3590000,9520000,0.076382979,0.202553191,639,,,,,,,,,,,,,,,,
21-Dec,649,,,,264727,,249474,,5353,9900,,5930258,3590000,9520258,0.076382979,0.202558681,640,,,,,,,,,,,,,,,,
22-Dec,650,,,,267571,,249474,,5354,12743,,5930258,3850000,9780258,0.081914894,0.208090596,641,,,,,,,,,,,,,,,,
23-Dec,651,,,,270899,,249617,,5355,15927,,5930258,3860000,9790258,0.08212766,0.208303362,642,,,,,,,,,,,,,,,,
24-Dec,652,,,,274645,,249964,,5356,19325,,5930258,3860000,9790258,0.08212766,0.208303362,643,,,,,,,,,,,,,,,,
25-Dec,653,,,,277609,,249937,,5357,22315,,5930258,3930000,9860258,0.083617021,0.209792723,644,,,,,,,,,,,,,,,,
26-Dec,654,,,,281358,,249996,,5359,26003,,5930258,3940000,9870258,0.083829787,0.210005489,645,,,,,,,,,,,,,,,,
27-Dec,655,,,,282554,,250326,,5361,26867,,5930258,3960000,9890258,0.084255319,0.210431021,646,,,,,,,,,,,,,,,,
28-Dec,656,,,,284150,,250727,,5364,28059,,5930258,4020000,9950258,0.085531915,0.211707617,647,,,,,,,,,,,,,,,,
29-Dec,657,,,,285654,,250963,,5364,29327,,5930258,4090000,10020258,0.087021277,0.213196979,648,,,,,,,,,,,,,,,,
30-Dec,658,,,,288951,,251223,,5372,32356,,5930258,4160000,10090258,0.088510638,0.21468634,649,,,,,,,,,,,,,,,,
31-Dec,659,,,,292237,,252281,,5376,34580,,5930258,4160000,10090258,0.088510638,0.21468634,650,,,,,,,,,,,,,,,,
1-Jan-22,660,,,,295028,,253715,,5378,35935,,5930258,4220000,10150258,0.089787234,0.215962936,651,,,,,,,,,,,,,,,,
2-Jan,661,,,,297155,,254115,,5381,37659,,5930258,4220000,10150258,0.089787234,0.215962936,652,,,,,,,,,,,,,,,,
3-Jan,662,,,,298509,,256551,,5384,36574,,5930258,4270000,10200258,0.090851064,0.217026766,653,,,,,,,,,,,,,,,,
4-Jan,663,,,,299732,,258533,,5394,35805,,5930258,4320000,10250258,0.091914894,0.218090596,654,,,,,,,,,,,,,,,,
5-Jan,664,,,,302134,,259308,,5401,37425,,5930258,4350000,10280258,0.092553191,0.218728894,655,,,,,,,,,,,,,,,,
6-Jan,665,,,,304350,,261067,,5404,37879,,5930258,4410000,10340258,0.093829787,0.220005489,656,,,,,,,,,,,,,,,,
7-Jan,666,,,,306686,,262133,,5411,39142,,5930258,4470000,10400258,0.095106383,0.221282085,657,,,,,,,,,,,,,,,,
8-Jan,667,,,,309130,,264656,,5425,39049,,5930258,4480000,10410258,0.095319149,0.221494851,658,,,,,,,,,,,,,,,,
9-Jan,668,,,,310797,,264962,,5437,40398,,5930258,4490000,10420258,0.095531915,0.221707617,659,,,,,,,,,,,,,,,,
10-Jan,669,,,,311358,,264962,,5446,40950,,5930258,4530000,10460258,0.096382979,0.222558681,660,,,,,,,,,,,,,,,,
11-Jan,670,,,,312572,,271893,,5454,35225,,5930258,4580000,10510258,0.097446809,0.223622511,661,,,,,,,,,,,,,,,,
12-Jan,671,,,,313677,,276019,,5462,32196,,5930258,4640000,10570258,0.098723404,0.224899106,662,,,,,,,,,,,,,,,,
13-Jan,672,,,,314490,,279044,,5472,29974,,5930258,4640000,10570258,0.098723404,0.224899106,663,,,,,,,,,,,,,,,,
14-Jan,673,,,,315665,,280199,,5482,29984,,5930258,4640000,10570258,0.098723404,0.224899106,664,,,,,,,,,,,,,,,,
15-Jan,674,,,,316700,,281343,,5488,29869,,5930258,4640000,10570258,0.098723404,0.224899106,665,,,,,,,,,,,,,,,,
16-Jan,675,,,,317324,,284727,,5488,27109,,5930258,4640000,10570258,0.098723404,0.224899106,666,,,,,,,,,,,,,,,,
17-Jan,676,,,,317634,,285627,,5499,26508,,5930258,4640000,10570258,0.098723404,0.224899106,667,,,,,,,,,,,,,,,,
18-Jan,677,,,,317857,,286483,,5504,25870,,6250000,4830000,11080000,0.102765957,0.235744681,668,,,,,,,,,,,,,,,,
19-Jan,678,,,,318249,,287140,,5520,25589,,6250000,4830000,11080000,0.102765957,0.235744681,669,,,,,,,,,,,,,,,,
20-Jan,679,,,,319011,,287963,,5520,25528,,6300000,4950000,11250000,0.105319149,0.239361702,670,,,,,,,,,,,,,,,,
21-Jan,680,,,,319379,,288424,,5520,25435,,6320000,5010000,11330000,0.106595745,0.24106383,671,,,,,,,,,,,,,,,,
22-Jan,681,,,,319838,,289547,,5528,24763,,6340000,5070000,11410000,0.10787234,0.242765957,672,,,,,,,,,,,,,,,,
23-Jan,682,,,,320138,,291361,,5531,23246,,6340000,5080000,11420000,0.108085106,0.242978723,673,,,,,,,,,,,,,,,,
24-Jan,683,,,,320229,,291917,,5554,22758,,6350000,5090000,11440000,0.108297872,0.243404255,674,,,,,,,,,,,,,,,,
25-Jan,684,,,,320399,,291917,,5558,22924,,6370000,5140000,11510000,0.109361702,0.244893617,675,,,,,,,,,,,,,,,,
26-Jan,685,,,,320584,,292587,,5562,22435,,6390000,5150000,11540000,0.109574468,0.245531915,676,,,,,,,,,,,,,,,,
27-Jan,686,,,,320766,,293017,,5565,22184,,6410000,5250000,11660000,0.111702128,0.248085106,677,,,,,,,,,,,,,,,,
28-Jan,687,,,,320918,,294035,,5567,21316,,6430000,5300000,11730000,0.112765957,0.249574468,678,,,,,,,,,,,,,,,,
29-Jan,688,,,,321111,,294073,,5578,21460,,6470000,5380000,11850000,0.114468085,0.25212766,679,,,,,,,,,,,,,,,,
30-Jan,689,,,,321234,,294615,,5578,21041,,6520000,5450000,11970000,0.115957447,0.254680851,680,,,,,,,,,,,,,,,,
31-Jan,690,,,,321335,,294722,,5580,21033,,6570000,5530000,12100000,0.117659574,0.257446809,681,,,,,,,,,,,,,,,,
1-Feb,691,,,,321381,,294859,,5583,20939,,6650000,5640000,12290000,0.12,0.261489362,682,,,,,,,,,,,,,,,,
2-Feb,692,,,,321552,,295433,,5587,20532,,6730000,5760000,12490000,0.122553191,0.265744681,683,,,,,,,,,,,,,,,,
3-Feb,693,,,,321671,,295534,,5593,20544,,6820000,5890000,12710000,0.125319149,0.270425532,684,,,,,,,,,,,,,,,,
4-Feb,694,,,,321764,,295580,,5604,20580,,6930000,6030000,12960000,0.128297872,0.275744681,685,,,,,,,,,,,,,,,,
5-Feb,695,,,,321922,,295697,,5603,20622,,7060000,6160000,13220000,0.13106383,0.281276596,686,,,,,,,,,,,,,,,,
6-Feb,696,,,,322043,,295697,,5607,20739,,7160000,6250000,13410000,0.132978723,0.285319149,687,,,,,,,,,,,,,,,,
7-Feb,697,,,,322096,,296108,,5621,20367,,7240000,6350000,13590000,0.135106383,0.289148936,688,,,,,,,,,,,,,,,,
8-Feb,698,,,,322151,,296237,,5621,20293,,7330000,6440000,13770000,0.137021277,0.292978723,689,,,,,,,,,,,,,,,,
9-Feb,699,,,,322214,,296482,,5621,20111,,7450000,6540000,13990000,0.139148936,0.297659574,690,,,,,,,,,,,,,,,,
10-Feb,700,,,,322274,,300305,,5622,16347,,7600000,6660000,14260000,0.141702128,0.303404255,691,,,,,,,,,,,,,,,,
11-Feb,701,,,,322334,,302647,,5626,14061,,7760000,6770000,14530000,0.144042553,0.309148936,692,,,,,,,,,,,,,,,,
12-Feb,702,,,,322388,,302693,,5626,14069,,7930000,6880000,14810000,0.146382979,0.315106383,693,,,,,,,,,,,,,,,,
13-Feb,703,,,,322436,,302744,,5629,14063,,8050000,6960000,15010000,0.148085106,0.319361702,694,,,,,,,,,,,,,,,,
14-Feb,704,,,,322473,,302829,,5631,14013,,8054405,6960000,15014405,0.148085106,0.319455426,695,,,,,,,,,,,,,,,,
15-Feb,705,,,,322497,,302866,,5632,13999,,8054405,6960000,15014405,0.148085106,0.319455426,696,,,,,,,,,,,,,,,,
16-Feb,706,,,,322517,,303918,,5632,12967,,8054405,7260000,15314405,0.154468085,0.325838404,697,,,,,,,,,,,,,,,,
17-Feb,707,,,,322545,,302937,,5633,13975,,8054405,7310000,15364405,0.155531915,0.326902234,698,,,,,,,,,,,,,,,,
18-Feb,708,,,,322614,,302966,,5633,14015,,8054405,7310000,15364405,0.155531915,0.326902234,699,,,,,,,,,,,,,,,,
19-Feb,709,,,,322640,,303010,,5633,13997,,8054405,7360000,15414405,0.156595745,0.327966064,700,,,,,,,,,,,,,,,,
20-Feb,710,,,,322669,,303079,,5635,13955,,8054405,7370000,15424405,0.156808511,0.32817883,701,,,,,,,,,,,,,,,,
21-Feb,711,,,,322696,,303107,,5635,13954,,8054405,7400000,15454405,0.157446809,0.328817128,702,,,,,,,,,,,,,,,,
22-Feb,712,,,,322702,,303107,,5638,13957,,8054405,7440000,15494405,0.158297872,0.329668191,703,,,,,,,,,,,,,,,,
23-Feb,713,,,,322736,,303144,,5638,13954,,8054405,7440000,15494405,0.158297872,0.329668191,704,,,,,,,,,,,,,,,,
24-Feb,714,,,,322781,,303166,,5638,13977,,8054405,7520000,15574405,0.16,0.331370319,705,,,,,,,,,,,,,,,,
25-Feb,715,,,,322822,,303198,,5638,13986,,8054405,7560000,15614405,0.160851064,0.332221383,706,,,,,,,,,,,,,,,,
26-Feb,716,,,,322869,,303208,,5638,14023,,8054405,7580000,15634405,0.161276596,0.332646915,707,,,,,,,,,,,,,,,,
27-Feb,717,,,,322906,,303248,,5639,14019,,8054405,7600000,15654405,0.161702128,0.333072447,708,,,,,,,,,,,,,,,,
28-Feb,718,,,,322930,,303261,,5639,14030,,8054405,7640000,15694405,0.162553191,0.333923511,709,,,,,,,,,,,,,,,,
1-Mar,719,,,,322946,,303274,,5639,14033,,8054405,7670000,15724405,0.163191489,0.334561809,710,,,,,,,,,,,,,,,,
2-Mar,720,,,,322978,,303296,,5639,14043,,8054405,7700000,15754405,0.163829787,0.335200106,711,,,,,,,,,,,,,,,,
3-Mar,721,,,,323002,,303296,,5640,14066,,8054405,7730000,15784405,0.164468085,0.335838404,712,,,,,,,,,,,,,,,,
4-Mar,722,,,,323025,,303320,,5640,14065,,8054405,7750000,15804405,0.164893617,0.336263936,713,,,,,,,,,,,,,,,,
5-Mar,723,,,,323057,,303324,,5640,14093,,8054405,7760000,15814405,0.165106383,0.336476702,714,,,,,,,,,,,,,,,,
6-Mar,724,,,,323071,,303352,,5640,14079,,8054405,7760000,15814405,0.165106383,0.336476702,715,,,,,,,,,,,,,,,,
,,,,,,,,,,,,,,,,,,,,,,,,,,,,,,,,,
,,,,,,,,,,,,,,,,,,,,,,,,,,,,,,,,,
,,,,,,,,,,,,,,,,,,,,,,,,,,,,,,,,,
,,,,,,,,,,,,,,,,,,,,,,,,,,,,,,,,,
,,,,,,,,,,,,,,,,,,,,,,,,,,,,,,,,,
