DATE,DAY,CONFRIMED CASES,CUMULATIVE CONFIRMED CASES,RECOVERIES,CUMMULATIVE RECOVERIES,VACCINATED DOSE 1,CUMULATIVE VACCINATED DOSE 1,VACCINATED DOSE 2,CUMULATIVE VACCINATED DOSE 2 / Fully Vaccinated,BOOSTER,ACTIVE CASES,Deaths,FRATION CUMULATIVE VACCINATED DOSE 2 / Fully Vaccinated,Days1,FRATION CUMULATIVE VACCINATED DOSE 1,CUMULATIVE VACCINATED DOSE 2 / Fully Vaccinated1,FRATION CUMULATIVE VACCINATED DOSE 2 / Fully Vaccinated11
4/15/2021,1,143,90532,42,88283,106,106,0,0,,1019,1230,0,376,6.06E-06,0,0
4/16/2021,2,218,90750,131,88414,104,210,0,0,,1103,1233,0,377,0.000012,0,0
4/17/2021,3,94,90844,141,88555,141,706,0,0,,1055,1234,0,378,4.03E-05,0,0
18-Apr,4,74,90918,163,88718,610,1316,0,0,,965,1235,0,379,0.0000752,0,0
4/19/2021,5,24,90942,142,88860,798,2114,0,0,,846,1236,0,380,0.0001208,0,0
4/20/2021,6,100,91042,40,88900,1277,3391,0,0,,906,1236,0,381,0.000193771,0,0
4/21/2021,7,77,91119,56,88956,1220,4611,0,0,,925,1238,0,382,0.000263486,0,0
4/22/2021,8,70,91189,161,89117,1884,6495,0,0,,832,1240,0,383,0.000371143,0,0
4/23/2021,9,62,91251,139,89256,2511,9006,0,0,,750,1245,0,384,0.000514629,0,0
4/24/2021,10,66,91317,147,89403,3537,12543,0,0,,669,1245,0,385,0.000716743,0,0
4/25/2021,11,41,91358,171,91358,1469,14012,0,0,,-1246,1246,0,386,0.000800686,0,0
4/26/2021,12,,,,,,,,,,-1248,1248,0,387,0,0,0
4/27/2021,13,40,91418,39,89717,3059,17851,,,,452,1249,0,388,0.001020057,0,0
4/28/2021,14,66,91484,26,89743,4068,21919,0,0,,492,1249,0,389,0.001252514,0,0
4/29/2021,15,49,91533,109,89852,4661,26580,,,,431,1250,0,390,0.001518857,0,0
4/30/2021,16,53,91586,81,89933,5454,32034,0,0,,402,1251,0,391,0.001830514,0,0
5/1/2021,17,84,91670,79,90012,7266,39300,0,0,,407,1251,0,392,0.002245714,0,0
5/2/2021,18,23,91693,70,90082,3847,43147,0,0,,358,1253,0,393,0.002465543,0,0
5/3/2021,19,29,91722,48,90130,2593,45740,0,0,,339,1253,0,394,0.002613714,0,0
5/4/2021,20,82,91804,36,90166,6044,51784,0,0,,384,1254,0,395,0.002959086,0,0
5/5/2021,21,45,91849,32,90198,7198,58982,0,0,,396,1255,0,396,0.0033704,0,0
5/6/2021,22,97,91946,66,90264,5029,64011,0,0,,426,1256,0,397,0.003657771,0,0
5/7/2021,23,58,92004,52,90316,7550,71561,0,0,,432,1256,0,398,0.0040892,0,0
5/8/2021,24,53,92057,47,90363,5787,77348,0,0,,437,1257,0,399,0.004419886,0,0
5/9/2021,25,,,,,,,,,,-1257,1257,0,400,0,0,0
5/10/2021,26,,,,,,,,,,-1257,1257,0,401,0,0,0
5/11/2021,27,40,92152,38,90539,4399,85858,0,0,,355,1258,0,402,0.004906171,0,0
5/12/2021,28,59,92211,35,90574,5058,90916,0,0,,378,1259,0,403,0.0051952,0,0
5/13/2021,29,51,92262,61,90635,4514,95430,0,0,,367,1260,0,404,0.005453143,0,0
5/14/2021,30,94,92356,64,90699,4943,100373,0,0,,397,1260,0,405,0.0057356,0,0
5/15/2021,31,,,,,,,,,,-1260,1260,0,406,0,0,0
5/16/2021,32,,,,,,,,,,-1260,1260,0,407,0,0,0
5/17/2021,33,,,,,,,,,,-1261,1261,0,408,0,0,0
5/18/2021,34,60,92520,30,90892,5442,120209,0,0,,365,1263,0,409,0.006869086,0,0
5/19/2021,35,,,,,,,,,,-1263,1263,0,410,0,0,0
5/20/2021,36,,,,,,,,,,-1265,1265,0,411,0,0,0
5/21/2021,37,166,92920,64,91019,2543,128834,1107,1107,,635,1266,6.33E-05,412,0.007361943,0,0
5/22/2021,38,,,,,,,,,,-1267,1267,0,413,0,0,0
5/23/2021,39,95,93201,54,91156,1501,133134,1868,5067,,777,1268,0.000289543,414,0.007607657,0,0
5/24/2021,40,,,,,,,,,,-1271,1271,0,415,0,0,0
5/25/2021,41,149,93428,21,91221,0,138799,0,5286,,936,1271,0.000302057,416,0.007931371,0,0
5/26/2021,42,199,93627,18,91239,0,139912,0,5286,,1115,1273,0.000302057,417,0.007994971,0,0
5/27/2021,43,,,,,,,,,,-1275,1275,0,418,0,0,0
5/28/2021,44,,,,,,,,,,-1275,1275,0,419,0,0,0
5/29/2021,45,,,,,,,,,,-1276,1276,0,420,0,0,0
5/30/2021,46,,,,,,,,,,-1278,1278,0,421,0,0,0
5/31/2021,47,,,,,,,,,,-1281,1281,0,422,0,0,0
6/1/2021,48,558,95821,83,92039,0,141934,0,5286,,2500,1282,0.000302057,423,0.008110514,0,0
6/2/2021,49,,,,,,,,,,-1284,1284,0,424,0,0,0
6/3/2021,50,825,97388,212,92320,0,141829,0,5286,,3780,1288,0.000302057,425,0.008104514,0,0
6/4/2021,51,988,98376,194,92514,0,141829,0,5286,,4565,1297,0.000302057,426,0.008104514,0,0
6/5/2021,52,1164,99540,522,93036,0,141829,0,5286,,5201,1303,0.000302057,427,0.008104514,0,0
6/6/2021,53,738,100278,338,93374,0,141829,0,5286,,5596,1308,0.000302057,428,0.008104514,0,0
6/7/2021,54,487,100765,320,93694,0,141829,0,5286,,5756,1315,0.000302057,429,0.008104514,0,0
6/8/2021,55,1231,101996,298,93992,0,141829,0,5286,,6683,1321,0.000302057,430,0.008104514,0,0
6/9/2021,56,1767,103763,197,94189,0,141829,0,5286,,8250,1324,0.000302057,431,0.008104514,0,0
6/10/2021,57,,,,,0,141829,0,5286,,-1332,1332,0.000302057,432,0.008104514,0,0
6/11/2021,58,2065,107974,679,95674,0,141829,0,5286,,10952,1348,0.000302057,433,0.008104514,0,0
6/12/2021,59,2358,110332,972,96646,0,141829,0,5286,,12321,1365,0.000302057,434,0.008104514,0,0
6/13/2021,60,1414,111746,1110,97756,0,141829,0,5286,,12601,1389,0.000302057,435,0.008104514,0,0
6/14/2021,61,,,,,,,,,,-1416,1416,0,436,0,0,0
6/15/2021,62,2690,115824,901,99895,260,142089,929,5215,,14485,1444,0.000298,437,0.008119371,0,0
6/16/2021,63,,,,,,,,,,-1492,1492,0,438,0,0,0
6/17/2021,64,,,,,,,,,,-1525,1525,0,439,0,0,0
6/18/2021,65,2913,125157,1999,103884,0,142089,0,6215,,19719,1554,0.000355143,440,0.008119371,0,0
6/19/2021,66,1816,126973,2076,105960,0,142089,0,6215,,19418,1595,0.000355143,441,0.008119371,0,0
6/20/2021,67,2060,129033,2342,108960,0,142089,0,6215,,18429,1644,0.000355143,442,0.008119371,0,0
6/21/2021,68,1598,130631,2148,110450,0,142089,0,6215,,18490,1691,0.000355143,443,0.008119371,0,0
6/22/2021,69,3028,133659,1394,111844,0,142089,0,6215,,20071,1744,0.000355143,444,0.008119371,0,0
6/23/2021,70,,,,,,,,,,-1794,1794,0,445,0,0,0
6/24/2021,71,,,,,,,,,,-1855,1855,0,446,0,0,0
6/25/2021,72,,,,,,,,,,-1915,1915,0,447,0,0,0
6/26/2021,73,,,,,,,,,,-1967,1967,0,448,0,0,0
6/27/2021,74,2537,148568,2617,124582,36,142125,693,9080,,21964,2022,0.000518857,449,0.008121429,0,0
6/28/2021,75,1093,149661,1859,126441,0,142125,456,9536,,21129,2091,0.000544914,450,0.008121429,0,0
6/29/2021,76,,,,,,,,,,-2138,2138,0,451,0,0,0
6/30/2021,77,,,,,,,,,,-2199,2199,0,452,0,0,0
7/1/2021,78,2884,157832,2627,134419,0,142125,1765,14459,,21142,2271,0.000826229,453,0.008121429,0,0
7/2/2021,79,2781,160613,3400,137819,0,142125,2202,16661,,20453,2341,0.000952057,454,0.008121429,0,0
7/3/2021,80,1874,162487,3061,140880,0,142125,3597,20258,,19210,2397,0.0011576,455,0.008121429,0,0
7/4/2021,81,1795,164282,2248,143128,0,142125,1987,22245,,18711,2443,0.001271143,456,0.008121429,0,0
7/5/2021,82,1231,165513,2780,145908,121,142246,1054,23299,,17113,2492,0.001331371,457,0.008128343,0,0
7/6/2021,83,1619,167132,1843,147751,0,142246,2023,25322,,16822,2559,0.001446971,458,0.008128343,0,0
7/7/2021,84,1871,169003,1670,149421,0,142246,2354,27676,,16964,2618,0.001581486,459,0.008128343,0,0
7/8/2021,85,1453,170456,2682,152103,0,142246,1316,28992,,15681,2672,0.001656686,460,0.008128343,0,0
7/9/2021,86,1949,172405,2673,154776,0,142246,4006,32998,,14893,2736,0.0018856,461,0.008128343,0,0
7/10/2021,87,2384,174789,2713,157489,2259,144505,3716,36714,,14525,2775,0.002097943,462,0.008257429,0,0
7/11/2021,88,940,175729,2726,160215,5704,150209,4349,41063,,12692,2822,0.002346457,463,0.008583371,0,0
7/12/2021,89,1013,176742,1889,162104,5058,155267,1504,42567,,11636,2867,0.0024324,464,0.0088724,0,0
7/13/2021,90,2006,178748,1442,163546,9284,164551,3874,46441,,12163,2904,0.002653771,465,0.009402914,0,0
7/14/2021,91,1801,180549,1243,164789,3295,167846,1497,47938,,12676,2949,0.002739314,466,0.0095912,0,0
7/15/2021,92,1580,182129,1464,166253,21610,189456,6424,54362,,12750,2991,0.0031064,467,0.010826057,0,0
7/16/2021,93,1215,183344,1664,167917,13282,202738,3782,58144,,12270,3022,0.003322514,468,0.011585029,0,0
7/17/2021,94,1328,184672,1268,169185,10547,213285,3824,61968,,12300,3052,0.003541029,469,0.012187714,0,0
7/18/2021,95,977,185649,2379,171564,6230,219515,2134,64102,,11001,3084,0.003662971,470,0.012543714,0,0
7/19/2021,96,630,186279,1621,173185,4948,224463,1378,65480,,9981,3113,0.003741714,471,0.012826457,0,0
7/20/2021,97,1323,187602,1408,174593,7943,232406,3309,68789,,9871,3138,0.0039308,472,0.013280343,0,0
7/21/2021,98,971,188573,701,175294,7665,240071,3614,72403,,10117,3162,0.004137314,473,0.013718343,0,0
7/22/2021,99,1158,189731,1990,177284,1990,242061,6525,78928,,9251,3196,0.004510171,474,0.013832057,0,0
7/23/2021,100,884,190615,1752,179036,1752,243813,5243,84171,,8358,3221,0.004809771,475,0.013932171,0,0
7/24/2021,101,912,191527,1364,180400,1364,245177,4263,88434,,7877,3250,0.005053371,476,0.014010114,0,0
7/25/2021,102,544,192071,1103,181503,1103,246280,5236,93670,,7296,3272,0.005352571,477,0.014073143,0,0
7/26/2021,103,245,192316,1027,182530,1027,247307,4967,98637,,6491,3295,0.0056364,478,0.014131829,0,0
7/27/2021,104,640,192956,869,183399,869,248176,3500,102137,,6241,3316,0.0058364,479,0.014181486,0,0
7/28/2021,105,476,193432,423,183822,423,248599,12794,114931,,6272,3338,0.006567486,480,0.014205657,0,0
7/29/2021,106,708,194140,1253,185075,1253,249852,925,115856,,5710,3355,0.006620343,481,0.014277257,0,0
7/30/2021,107,956,195096,1001,186076,1001,250853,629,116485,,5644,3376,0.006656286,482,0.014334457,0,0
7/31/2021,108,720,195816,1025,187101,1025,251878,590,117075,,5326,3389,0.00669,483,0.014393029,0,0
8/1/2021,109,477,196293,870,187971,588,252466,4581,121656,,4916,3406,0.006951771,484,0.014426629,0,0
8/2/2021,110,197,196490,844,188815,691,253157,1537,123193,,4263,3412,0.0070396,485,0.014466114,0,0
8/3/2021,111,633,197123,391,189206,988,254145,2473,125666,,4495,3422,0.007180914,486,0.014522571,0,0
8/4/2021,112,668,197791,317,189523,2515,256660,7317,132983,,4838,3430,0.007599029,487,0.014666286,0,0
8/5/2021,113,664,198455,621,190144,3440,260100,7914,140897,,4864,3447,0.008051257,488,0.014862857,0,0
8/6/2021,114,680,199135,885,191029,4251,264351,8118,149015,,4647,3459,0.008515143,489,0.015105771,0,0
8/7/2021,115,527,199662,672,191701,5049,269400,7263,156278,,4487,3474,0.008930171,490,0.015394286,0,0
8/8/2021,116,387,200049,643,192344,253,269653,3373,159651,,4221,3484,0.009122914,491,0.015408743,0,0
8/9/2021,117,152,200201,572,192916,517,270170,2011,161662,,3794,3491,0.009237829,492,0.015438286,0,0
8/10/2021,118,629,200830,285,193201,974,271144,6138,167800,,4130,3499,0.009588571,493,0.015493943,0,0
8/11/2021,119,512,201342,211,193412,1461,272605,6249,174049,,4421,3509,0.009945657,494,0.015577429,0,0
8/12/2021,120,428,201770,457,193869,481,273086,2557,176606,,4389,3512,0.010091771,495,0.015604914,0,0
8/13/2021,121,97,201867,669,194538,1563,274649,2628,179234,,3814,3515,0.010241943,496,0.015694229,0,0
8/14/2021,122,211,202078,697,195235,118,274767,1719,180953,,3322,3521,0.010340171,497,0.015700971,0,0
8/15/2021,123,183,202261,507,195742,136,274903,1731,182684,,2990,3529,0.010439086,498,0.015708743,0,0
8/16/2021,124,168,202429,475,196217,206,275109,1539,184223,,2674,3538,0.010527029,499,0.015720514,0,0
8/17/2021,125,358,202787,372,196589,192,275301,3118,187341,,2648,3550,0.0107052,500,0.015731486,0,0
8/18/2021,126,382,203169,212,196801,250,275551,4430,191771,,2812,3556,0.010958343,501,0.015745771,0,0
8/19/2021,127,384,203553,542,197343,231,275782,4363,196134,,2646,3564,0.011207657,502,0.015758971,0,0
8/20/2021,128,425,203978,531,197874,275,276057,5775,201909,,2535,3569,0.011537657,503,0.015774686,0,0
8/21/2021,129,359,204337,362,198236,236,276293,5502,207411,,2528,3573,0.011852057,504,0.015788171,0,0
8/22/2021,130,212,204549,188,198424,60,276353,1566,208977,,2551,3574,0.011941543,505,0.0157916,0,0
8/23/2021,131,102,204651,222,198646,222,276575,4256,213233,,2427,3578,0.012184743,506,0.015804286,0,0
8/24/2021,132,326,204977,176,198822,63,276638,1478,214711,,2572,3583,0.0122692,507,0.015807886,0,0
8/25/2021,133,130,205107,157,198979,228,276866,3995,218706,,2542,3586,0.012497486,508,0.015820914,0,0
8/26/2021,134,208,205315,320,199299,117,276983,4614,223320,,2429,3587,0.012761143,509,0.0158276,0,0
8/27/2021,135,389,205704,425,199724,53,277036,4042,227362,,2393,3587,0.012992114,510,0.015830629,0,0
8/28/2021,136,189,205893,457,200181,102,277138,1802,229164,,2121,3591,0.013095086,511,0.015836457,0,0
8/29/2021,137,158,206051,346,200527,78,277216,1694,230858,,1928,3596,0.013191886,512,0.015840914,0,0
8/30/2021,138,94,206145,290,200817,180,277396,4654,235512,,1729,3599,0.013457829,513,0.0158512,0,0
8/31/2021,139,182,206327,172,200989,,277396,,235512,,1736,3602,0.013457829,514,0.0158512,0,0
9/1/2021,140,195,206522,103,201092,133,277529,5369,240881,,1825,3605,0.013764629,515,0.0158588,0,0
9/2/2021,141,183,206705,280,201372,88,277617,3104,243985,,1725,3608,0.013942,516,0.015863829,0,0
9/3/2021,142,179,206884,136,201508,98,277715,3908,247893,,1765,3611,0.014165314,517,0.015869429,0,0
9/4/2021,143,144,207028,338,201846,147,277862,3400,251293,,1568,3614,0.0143596,518,0.015877829,0,0
9/5/2021,144,86,207114,222,202068,43,277905,1765,253058,,1430,3616,0.014460457,519,0.015880286,0,0
9/6/2021,145,53,207167,189,202257,97,278002,1030,254088,,1293,3617,0.014519314,520,0.015885829,0,0
9/7/2021,146,127,207294,108,202365,90,278092,3561,257649,,1309,3620,0.0147228,521,0.015890971,0,0
9/8/2021,147,148,207442,86,202451,193,278285,3220,260869,,1369,3622,0.0149068,522,0.015902,0,0
9/9/2021,148,118,207560,214,202665,134,278419,3669,264538,,1272,3623,0.015116457,523,0.015909657,0,0
9/10/2021,149,136,207696,186,202851,178,278597,3990,268528,,1084,3626,0.015344457,524,0.015919829,0,0
9/11/2021,150,140,207836,165,203016,132,278729,3711,272239,,1056,3629,0.015556514,525,0.015927371,0,0
9/12/2021,151,102,207938,191,203207,62,278791,1610,273849,,965,3631,0.015648514,526,0.015930914,0,0
9/13/2021,152,22,207960,124,203331,15,278806,1554,275403,,861,3633,0.015737314,527,0.015931771,0,0
9/14/2021,153,89,208049,79,203410,161,278967,4655,280058,,869,3635,0.016003314,528,0.015940971,0,0
9/15/2021,154,112,208161,39,203449,231,279198,4955,285013,,941,3636,0.016286457,529,0.015954171,0,0
9/16/2021,155,106,208267,124,203573,290,279488,4844,289857,,923,3636,0.016563257,530,0.015970743,0,0
9/17/2021,156,86,208353,145,203718,246,279734,4926,294783,,863,3637,0.016844743,531,0.0159848,0,0
9/18/2021,157,69,208422,145,203863,370,280104,5961,300744,,786,3638,0.017185371,532,0.016005943,0,0
9/19/2021,158,47,208469,163,204026,62,280166,2882,303626,,670,3638,0.017350057,533,0.016009486,0,0
9/20/2021,159,33,208502,102,204128,117,280283,1928,305554,,600,3639,0.017460229,534,0.016016171,0,0
9/21/2021,160,97,208599,60,204188,425,280708,8182,313736,,637,3639,0.017927771,535,0.016040457,0,0
9/22/2021,161,77,208676,27,204215,512,281220,8150,321886,,638,3639,0.018393486,536,0.016069714,0,0
9/23/2021,162,39,208715,92,204307,473,281693,7871,329757,,632,3641,0.018843257,537,0.016096743,0,0
9/24/2021,163,51,208766,117,204424,987,282680,7379,337136,,514,3642,0.019264914,538,0.016153143,0,0
9/25/2021,164,28,208794,75,204499,343,283023,2976,340112,,466,3645,0.019434971,539,0.016172743,0,0
9/26/2021,165,10,208804,67,204566,318,283341,2934,343046,,408,3646,0.019602629,540,0.016190914,0,0
9/27/2021,166,45,208849,35,204601,812,284153,7990,351036,,418,3647,0.0200592,541,0.016237314,0,0
9/28/2021,167,90,208939,29,204630,1520,285673,7476,358512,,478,3647,0.0204864,542,0.016324171,0,0
9/29/2021,168,44,208983,107,204737,2397,288070,8793,367305,,415,3648,0.020988857,543,0.016461143,0,0
9/30/2021,169,63,209046,111,204848,942,289012,7878,375183,,583,3648,0.021439029,544,0.016514971,0,0
10/1/2021,170,68,209114,174,205022,1934,290946,2990,378173,,308,3649,0.021609886,545,0.016625486,0,0
10/2/2021,171,28,209142,15,205037,1649,292595,6396,384569,,321,3649,0.021975371,546,0.016719714,0,0
10/3/2021,172,21,209163,15,205052,1574,294169,3526,388095,,327,3649,0.022176857,547,0.016809657,0,0
10/4/2021,173,9,209172,24,205076,1053,295222,2669,390764,,312,3649,0.022329371,548,0.016869829,0,0
10/5/2021,174,27,209199,22,205098,1162,296384,5865,396629,,451,3650,0.022664514,549,0.016936229,0,0
10/6/2021,175,49,209248,7,205105,1535,297919,6519,403148,,356,3652,0.023037029,550,0.017023943,0,0
10/7/2021,176,35,209283,91,205196,2285,300204,5862,409010,,299,3653,0.023372,551,0.017154514,0,0
10/8/2021,177,32,209315,36,205232,2039,302243,5534,414544,,295,3653,0.023688229,552,0.017271029,0,0
10/9/2021,178,21,209336,50,205282,1896,304139,4780,419324,,266,3653,0.023961371,553,0.017379371,0,0
10/10/2021,179,11,209347,61,205343,1243,305382,3062,422386,,215,3654,0.024136343,554,0.0174504,0,0
10/11/2021,180,6,209353,30,205373,869,306251,2151,424537,,191,3654,0.024259257,555,0.017500057,0,0
10/12/2021,181,43,209396,13,205386,1962,308213,5983,430520,,221,3654,0.024601143,556,0.017612171,0,0
10/13/2021,182,15,209411,11,205397,2386,310599,6152,436672,,222,3657,0.024952686,557,0.017748514,0,0
10/14/2021,183,20,209431,34,205431,2452,313051,6372,443044,,208,3657,0.0253168,558,0.017888629,0,0
10/15/2021,184,46,209477,32,205463,2566,315617,6186,449230,,222,3657,0.025670286,559,0.018035257,0,0
10/16/2021,185,28,209505,33,205496,2098,317715,5150,454380,,216,3658,0.025964571,560,0.018155143,0,0
10/17/2021,186,16,209521,36,205532,739,318454,1868,456248,,196,3658,0.026071314,561,0.018197371,0,0
10/18/2021,187,15,209536,19,205551,1125,319579,1981,458229,,192,3658,0.026184514,562,0.018261657,0,0
10/19/2021,188,13,209549,13,205564,1480,321059,1452,459681,,192,3658,0.026267486,563,0.018346229,0,0
10/20/2021,189,22,209571,10,205574,2067,323126,4813,464494,,204,3658,0.026542514,564,0.018464343,0,0
10/21/2021,190,18,209589,37,205611,2467,325593,4373,468867,,185,3658,0.0267924,565,0.018605314,0,0
10/22/2021,191,21,209610,22,205633,2260,327853,3093,471960,,184,3658,0.026969143,566,0.018734457,0,0
10/23/2021,192,19,209629,25,205658,1850,329703,2696,474656,,177,3659,0.0271232,567,0.018840171,0,0
10/24/2021,193,5,209634,36,205694,869,330572,1191,475847,,146,3659,0.027191257,568,0.018889829,0,0
10/25/2021,194,5,209639,23,205717,994,331566,1174,477021,,128,3659,0.027258343,569,0.018946629,0,0
10/26/2021,195,9,209648,21,205738,1038,332604,1629,478650,,115,3660,0.027351429,570,0.019005943,0,0
10/27/2021,196,9,209657,13,205751,1548,334152,1993,480643,,111,3660,0.027465314,571,0.0190944,0,0
10/28/2021,197,15,209672,18,205769,2174,336326,4660,485303,,108,3660,0.0277316,572,0.019218629,0,0
10/29/2021,198,30,209702,27,205796,1707,338033,4098,489401,,111,3660,0.027965771,573,0.019316171,0,0
10/30/2021,199,20,209722,15,205811,1255,339288,5250,494651,,115,3661,0.028265771,574,0.019387886,0,0
10/31/2021,200,12,209734,14,205825,388,339676,2223,496874,,113,3661,0.0283928,575,0.019410057,0,0
11/1/2021,201,5,209739,18,205843,715,340391,2392,499266,,100,3661,0.028529486,576,0.019450914,0,0
11/2/2021,202,21,209760,6,205849,948,341339,3908,503174,,115,3661,0.0287528,577,0.019505086,0,0
11/3/2021,203,21,209781,3,205852,1325,342664,7117,510291,,133,3661,0.029159486,578,0.0195808,0,0
11/4/2021,204,34,209815,7,205859,1145,343809,7503,517794,,129,3662,0.029588229,579,0.019646229,0,0
11/5/2021,205,37,209852,14,205873,1121,344930,6466,524260,,182,3662,0.029957714,580,0.019710286,0,0
11/6/2021,206,17,209869,26,205899,745,345675,5778,530038,,172,3663,0.030287886,581,0.019752857,0,0
11/7/2021,207,33,209902,34,205933,334,346009,3942,533980,,170,3664,0.030513143,582,0.019771943,0,0
11/8/2021,208,6,209908,18,205951,355,346364,3704,537684,,158,3664,0.0307248,583,0.019792229,0,0
11/9/2021,209,10,209918,5,205956,621,346985,3805,541489,,163,3664,0.030942229,584,0.019827714,0,0
11/10/2021,210,21,209939,8,205964,756,347741,7423,548912,,176,3664,0.0313664,585,0.019870914,0,0
11/11/2021,211,14,209953,20,205984,1103,348844,7229,556141,,170,3664,0.031779486,586,0.019933943,0,0
11/12/2021,212,10,209963,23,206007,1029,349873,7239,563380,,157,3664,0.032193143,587,0.019992743,0,0
11/13/2021,213,8,209971,24,206031,527,350400,4563,567943,,141,3664,0.032453886,588,0.020022857,0,0
11/14/2021,214,12,209983,32,206063,301,350701,2878,570821,,119,3666,0.032618343,589,0.020040057,0,0
11/15/2021,215,13,209996,11,206074,236,350937,1993,572814,,121,3666,0.032732229,590,0.020053543,0,0
11/16/2021,216,12,210008,34,206108,529,351466,4803,577617,,99,3666,0.033006686,591,0.020083771,0,0
11/17/2021,217,12,210020,7,206115,299,351765,4611,582228,,104,3666,0.033270171,592,0.020100857,0,0
11/18/2021,218,16,210036,13,206128,740,352505,5580,587808,,107,3666,0.033589029,593,0.020143143,0,0
11/19/2021,219,7,210043,23,206151,295,352800,1628,589436,,90,3667,0.033682057,594,0.02016,0,0
11/20/2021,220,14,210057,5,206156,698,353498,6861,596297,,99,3667,0.034074114,595,0.020199886,0,0
11/21/2021,221,13,210070,12,206168,260,353758,2472,598769,,100,3667,0.034215371,596,0.020214743,0,0
11/22/2021,222,3,210073,13,206181,556,354314,4610,603379,,90,3667,0.0344788,597,0.020246514,0,0
11/23/2021,223,17,210090,6,206187,575,354889,5325,608704,,101,3667,0.034783086,598,0.020279371,0,0
11/24/2021,224,9,210099,10,206197,639,355528,4169,612873,,100,3667,0.035021314,599,0.020315886,0,0
11/25/2021,225,13,210112,12,206209,752,356280,6040,618913,,101,3667,0.035366457,600,0.020358857,0,0
11/26/2021,226,6,210118,14,206223,1582,357862,9301,628214,,93,3667,0.035897943,601,0.020449257,0,0
11/27/2021,227,20,210138,13,206236,688,358550,4573,632787,,100,3667,0.036159257,602,0.020488571,0,0
11/28/2021,228,5,210143,15,206251,467,359017,3241,636028,,90,3667,0.036344457,603,0.020515257,0,0
11/29/2021,229,7,210150,6,206257,1233,360250,5887,641915,,91,3667,0.036680857,604,0.020585714,0,0
11/30/2021,230,19,210169,14,206271,1638,361888,10601,652516,,96,3667,0.037286629,605,0.020679314,0,0
12/1/2021,231,26,210195,7,206278,1443,363331,8263,660779,,115,3667,0.0377588,606,0.020761771,0,0
12/2/2021,232,25,210220,12,206290,1775,365106,11424,672203,,128,3667,0.0384116,607,0.0208632,0,0
12/3/2021,233,42,210262,18,206308,1620,366726,7991,680194,,152,3667,0.038868229,608,0.020955771,0,0
12/4/2021,234,32,210294,11,206319,3286,370012,12357,692551,,173,3667,0.039574343,609,0.021143543,0,0
12/5/2021,235,18,210312,12,206331,1202,371214,9191,701742,,17,3667,0.040099543,610,0.021212229,0,0
12/6/2021,236,15,210327,15,206346,1656,372870,6643,708385,,217,3668,0.040479143,611,0.021306857,0,0
12/7/2021,237,47,210374,8,206354,1040,373910,11222,719607,,267,3668,0.0411204,612,0.021366286,0,0
12/8/2021,238,62,210436,12,206366,3107,377017,13756,733363,,374,3668,0.041906457,613,0.021543829,0,0
12/9/2021,239,126,210562,19,206385,2702,379719,1552,734915,,510,3668,0.041995143,614,0.021698229,0,0
12/10/2021,240,162,210724,26,206411,4118,383837,17211,752126,,684,3668,0.042978629,615,0.021933543,0,0
12/11/2021,241,235,210959,60,206471,3836,387673,16191,768317,,737,3669,0.043903829,616,0.022152743,0,0
12/12/2021,242,118,211077,64,206535,2265,389938,8753,777070,,875,3670,0.044404,617,0.022282171,0,0
12/13/2021,243,157,211234,19,206554,2119,392057,9326,786396,,1318,3670,0.044936914,618,0.022403257,0,0
12/14/2021,244,471,211705,27,206581,3076,395133,15364,801760,,1864,3671,0.045814857,619,0.022579029,0,0
12/15/2021,245,573,212278,27,206608,5588,400721,22976,824736,,2666,3671,0.047127771,620,0.022898343,0,0
12/16/2021,246,861,213139,57,206665,5083,405804,26246,850982,,3882,3673,0.048627543,621,0.0231888,0,0
12/17/2021,247,1294,214433,77,206742,6158,411962,29722,880704,,4771,3674,0.050325943,622,0.023540686,0,0
12/18/2021,248,1039,215472,146,206888,5295,417257,22891,903595,,5606,3678,0.051634,623,0.023843257,0,0
12/19/2021,249,1036,216508,200,207088,3641,420898,13766,917361,,6009,3679,0.052420629,624,0.024051314,0,0
12/20/2021,250,609,217117,201,207289,1771,422669,8280,925641,,7777,3684,0.052893771,625,0.024152514,0,0
12/21/2021,251,1906,219023,137,207426,6865,429534,28123,953764,,10486,3685,0.0545008,626,0.0245448,0,0
12/22/2021,252,2857,221880,148,207574,6517,436051,31289,985053,,13317,3685,0.056288743,627,0.0249172,0,0
12/23/2021,253,3380,225260,546,208120,4603,440654,30498,1015551,,221572,3688,0.058031486,628,0.025180229,0,0
12/24/2021,254,3672,228932,677,208797,3714,444368,28327,1043878,,16309,3691,0.059650171,629,0.025392457,0,0
12/25/2021,255,2649,231581,1094,209891,4093,448461,18478,1062356,,17858,3697,0.060706057,630,0.025626343,0,0
12/26/2021,256,1539,233120,1447,211338,2906,451367,8470,1070826,,1945,3702,0.061190057,631,0.0257924,0,0
12/27/2021,257,1356,234476,1239,212577,2630,453997,9420,1080246,,18055,3709,0.061728343,632,0.025942686,0,0
12/28/2021,258,3907,238383,868,213445,4929,458926,18555,1098801,,21087,3716,0.062788629,633,0.026224343,0,0
12/29/2021,259,5255,243638,629,214074,5908,464834,19562,1118363,,25703,3726,0.063906457,634,0.026561943,0,0
12/30/2021,260,5555,249193,2457,216531,6927,471761,23883,1142246,,28797,3730,0.0652712,635,0.026957771,0,0
12/31/2021,261,5081,254274,3128,219659,8005,479766,21950,1164196,,30746,3734,0.066525486,636,0.0274152,0,0
1/1/2022,262,3674,257948,3965,223624,7000,486766,13794,1177990,,30449,3740,0.067313714,637,0.0278152,0,0
1/2/2022,263,1729,259677,2522,226146,3220,489986,6664,1184654,40,29653,3743,0.067694514,638,0.0279992,0,0
1/3/2022,264,1544,261221,2725,228871,4487,494473,6507,1191161,62,28462,3753,0.068066343,639,0.0282556,0,0
1/4/2022,265,4258,265479,1488,230359,6305,500778,15579,1206740,333,31223,3762,0.068956571,640,0.028615886,0,0
1/5/2022,266,4512,269991,1421,231780,6323,507101,16110,1222850,436,34304,3772,0.069877143,641,0.0289772,0,0
1/6/2022,267,4096,274087,4963,236743,7765,514866,18513,1241363,530,33427,3782,0.070935029,642,0.029420914,0,0
1/7/2022,268,4189,278276,4869,241612,7793,522659,18706,1260069,425,32739,3790,0.072003943,643,0.029866229,0,0
1/8/2022,269,3300,281576,5213,246825,8863,531522,18848,1278917,492,30818,3798,0.073080971,644,0.030372686,0,0
1/9/2022,270,1328,282904,4671,251496,5769,537291,14834,1293751,230,27461,3812,0.073928629,645,0.030702343,0,0
1/10/2022,271,1485,284389,3689,255185,5523,542814,14643,1308394,360,25252,3817,0.074765371,646,0.031017943,0,0
1/11/2022,272,2721,287110,1652,256837,8184,550998,21851,1330245,268,26313,3825,0.076014,647,0.0314856,0,0
1/12/2022,273,2305,289415,1661,258498,10613,561611,25135,1355380,770,26952,3830,0.077450286,648,0.032092057,0,0
1/13/2022,274,2167,291582,5125,263623,9962,571573,26283,1381663,728,23990,3834,0.078952171,649,0.032661314,0,0
1/14/2022,275,2113,293695,3924,267547,19807,591380,48353,1430016,636,22169,3844,0.0817152,650,0.033793143,0,0
1/15/2022,276,1333,295028,4635,272182,8980,600360,21797,1451813,497,18859,3852,0.082960743,651,0.034306286,0,0
1/16/2022,277,1104,296132,3658,275840,7665,608025,12853,1464666,300,16297,3860,0.0836952,652,0.034744286,0,0
1/17/2022,278,685,296817,3347,279187,5791,613816,6926,1471592,222,13629,3866,0.084090971,653,0.0350752,0,0
1/18/2022,279,1215,298032,1893,281080,6977,620793,14152,1485744,566,12944,3873,0.084899657,654,0.035473886,0,0
1/19/2022,280,1140,299172,1285,282365,7944,628737,14732,1500476,745,12795,3877,0.085741486,655,0.035927829,0,0
1/20/2022,281,799,299971,2633,284998,7245,635982,14855,1515331,513,10959,3879,0.086590343,656,0.036341829,0,0
1/21/2022,282,616,300587,2513,287511,7105,643087,13601,1528932,689,9056,3885,0.087367543,657,0.036747829,0,0
1/22/2022,283,616,301203,1521,289032,4605,647692,10403,1539335,630,8146,3890,0.087962,658,0.037010971,0,0
1/23/2022,284,427,301630,2077,291109,3436,651128,5586,1544921,143,6491,3895,0.0882812,659,0.037207314,0,0
1/24/2022,285,294,301924,1341,292450,3867,654995,5457,1550378,91,5439,3900,0.088593029,660,0.037428286,0,0
1/25/2022,286,645,302569,713,293163,5426,660421,8907,1559285,433,5366,3905,0.089102,661,0.037738343,0,0
1/26/2022,287,697,303266,396,293559,5897,666318,9624,1568909,535,5666,3906,0.089651943,662,0.038075314,0,0
1/27/2022,288,736,304002,1108,294667,6499,672817,9424,1578333,496,5293,3907,0.090190457,663,0.038446686,0,0
1/28/2022,289,351,304353,1135,295802,7465,680282,11476,1589809,426,4506,3910,0.090846229,664,0.038873257,0,0
1/29/2022,290,303,304656,747,296549,5841,686123,8705,1598514,488,4058,3914,0.091343657,665,0.039207029,0,0
1/30/2022,291,266,304922,578,297127,3265,689388,5151,1603665,289,3745,3915,0.091638,666,0.0393936,0,0
1/31/2022,292,125,305047,710,297837,3511,692899,3770,1607435,215,3158,3917,0.091853429,667,0.039594229,0,0
2/1/2022,293,510,305557,374,298211,7447,700346,8866,1616301,791,3291,3920,0.092360057,668,0.040019771,0,0
2/2/2022,294,402,305959,201,298412,5689,706035,5756,1622057,333,3491,3921,0.092688971,669,0.040344857,0,0
2/3/2022,295,388,306347,647,299059,9715,715750,10836,1632893,715,3228,3925,0.093308171,670,0.0409,0,0
2/4/2022,296,430,306777,532,299591,11155,726905,10835,1643728,690,3123,3928,0.093927314,671,0.041537429,0,0
2/5/2022,297,228,307005,440,300031,10499,737404,8628,1652356,485,2909,3928,0.094420343,672,0.042137371,0,0
2/6/2022,298,201,307206,507,300538,5661,743065,4628,1656984,404,2603,3930,0.0946848,673,0.042460857,0,0
2/7/2022,299,111,307317,225,300763,4078,747143,3123,1660107,352,2486,3933,0.094863257,674,0.042693886,0,0
2/8/2022,300,319,307636,222,300985,9580,756723,7967,1668074,1007,2583,3933,0.095318514,675,0.043241314,0,0
2/9/2022,301,414,308050,123,301108,9016,765739,10023,1678097,443,2873,3934,0.095891257,676,0.043756514,0,0
2/10/2022,302,506,308556,466,301574,8116,773855,8604,1686701,852,2912,,0.096382914,677,0.044220286,0,0
2/11/2022,303,457,309013,390,301964,8303,782158,8696,1695397,468,2978,,0.096879829,678,0.044694743,0,0
2/12/2022,304,,309013,,301964,,782158,,1695397,,,,0.096879829,679,0.044694743,0,0
2/13/2022,305,209,309222,608,302572,4424,786582,5899,1701296,383,2637,,0.097216914,680,0.044947543,0,0
2/14/2022,306,77,309299,215,302787,2988,789570,3410,1704706,197,2498,,0.097411771,681,0.045118286,0,0
2/15/2022,307,291,309590,189,302976,7725,797295,9610,1714316,1036,2599,,0.097960914,682,0.045559714,0,0
2/16/2022,308,285,309875,112,303088,9626,806921,11394,1725710,263,2772,,0.098612,683,0.046109771,0,0
2/17/2022,309,319,310194,330,303418,9116,816037,12670,1738380,492,2759,,0.099336,684,0.046630686,0,0
2/18/2022,310,290,310484,426,303844,11007,827044,11938,1750318,636,262,,0.100018171,685,0.047259657,0,0
2/19/2022,311,252,310736,498,304342,10477,837521,11659,1761977,1078,2375,,0.1006844,686,0.047858343,0,0
2/20/2022,312,178,310914,496,304838,6791,844312,5833,1767810,203,2057,,0.101017714,687,0.0482464,0,0
2/21/2022,313,70,310984,231,305069,4901,849213,4472,1772282,362,1894,,0.101273257,688,0.048526457,0,0
2/22/2022,314,,310984,,305069,,849213,,1772282,,,,0.101273257,689,0.048526457,0,0
2/23/2022,315,296,311280,67,305136,13537,862750,12532,1784814,1764,2268,,0.101989371,690,0.0493,0,0
2/24/2022,316,230,311510,304,305440,13249,875999,12100,1796914,1128,2194,,0.1026808,691,0.050057086,0,0
2/25/2022,317,256,311766,270,305710,11527,887526,12664,1809578,1560,2180,,0.103404457,692,0.050715771,0,0
2/26/2022,318,237,312003,325,306035,9413,896939,9586,1819164,792,2088,,0.103952229,693,0.051253657,0,0
2/27/2022,319,96,312099,274,306309,5271,902210,5505,1824669,1592,1909,,0.1042668,694,0.051554857,0,0
2/28/2022,320,43,312142,256,306565,4915,907125,4992,1829661,190,1696,,0.104552057,695,0.051835714,0,0
1-Mar,321,,,,,,971573,,1917408,,,,0.109566171,696,0.055518457,0,0
2-Mar,322,,,,,,1005562,,1938474,,,,0.110769943,697,0.057460686,0,0
3-Mar,323,,,,,,1018419,,1953475,,,,0.111627143,698,0.058195371,0,0
4-Mar,324,,,,,,1032559,,1970376,,,,0.112592914,699,0.059003371,0,0
5-Mar,325,,,,,,1044559,,1983053,,,,0.113317314,700,0.059689086,0,0
6-Mar,326,,,,,,1050601,,1989067,,,,0.113660971,701,0.060034343,0,0
7-Mar,327,,,,,,1055499,,1994605,,,,0.113977429,702,0.060314229,0,0
8-Mar,328,,,,,,1066577,,2007025,,,,0.114687143,703,0.060947257,0,0
9-Mar,329,,,,,,1072070,,2013903,,,,0.115080171,704,0.061261143,0,0
10-Mar,330,,,,,,1081956,,2026508,,,,0.115800457,705,0.061826057,0,0
11-Mar,331,,,,,,1093077,,2038766,,,,0.116500914,706,0.062461543,0,0
12-Mar,332,,,,,,1103400,,2050825,,,,0.11719,707,0.063051429,0,0
13-Mar,333,,,,,,1108883,,2058049,,,,0.1176028,708,0.063364743,0,0
14-Mar,334,,,,,,1114633,,2063376,,,,0.1179072,709,0.063693314,0,0
15-Mar,335,,,,,,1124078,,2073010,,,,0.118457714,710,0.064233029,0,0
16-Mar,336,,,,,,1133664,,2082989,,,,0.119027943,711,0.0647808,0,0
17-Mar,337,,,,,,1143625,,2094075,,,,0.119661429,712,0.06535,0,0
18-Mar,338,,,,,,1152456,,2102646,,,,0.1201512,713,0.065854629,0,0
19-Mar,339,,,,,,1158077,,2109452,,,,0.120540114,714,0.066175829,0,0
20-Mar,340,,,,,,1163204,,2115503,,,,0.120885886,715,0.0664688,0,0
21-Mar,341,,,,,,1168012,,2120529,,,,0.121173086,716,0.066743543,0,0
22-Mar,342,,,,,,1176049,,2129892,,,,0.121708114,717,0.0672028,0,0
23-Mar,343,,,,,,1184672,,2140910,,,,0.122337714,718,0.067695543,0,0
24-Mar,344,,,,,,1193692,,2152077,,,,0.122975829,719,0.068210971,0,0
25-Mar,345,,,,,,1202155,,2161112,,,,0.123492114,720,0.068694571,0,0
26-Mar,346,,,,,,1207730,,2168559,,,,0.123917657,721,0.069013143,0,0
27-Mar,347,,,,,,1211548,,2172746,,,,0.124156914,722,0.069231314,0,0
28-Mar,348,,,,,,1214309,,2176230,,,,0.124356,723,0.069389086,0,0
29-Mar,349,,,,,,1219763,,2182849,,,,0.124734229,724,0.069700743,0,0
30-Mar,350,,,,,,1225480,,2189926,,,,0.125138629,725,0.070027429,0,0
31-Mar,351,,,,,,1232128,,2198910,,,,0.125652,726,0.070407314,0,0
1-Apr,352,,,,,,1238650,,2207102,,,,0.126120114,727,0.07078,0,0
2-Apr,353,,,,,,1243038,,2214835,,,,0.126562,728,0.071030743,0,0
3-Apr,354,,,,,,1245667,,2219320,,,,0.126818286,729,0.071180971,0,0
4-Apr,355,,,,,,1247899,,2222834,,,,0.127019086,730,0.071308514,0,0
5-Apr,356,,,,,,1250056,,2228486,,,,0.127342057,731,0.071431771,0,0
6-Apr,,,,,,,1255493,,2237011,,,,0.1278292,732,0.071742457,0,0
7-Apr,,,,,,,1262125,,2246327,,,,0.128361543,733,0.072121429,0,0
8-Apr,,,,,,,1268328,,2256469,,,,0.128941086,734,0.072475886,0,0
9-Apr,,,,,,,1272990,,2265716,,,,0.129469486,735,0.072742286,0,0
10-Apr,,,,,,,1276074,,2270434,,,,0.129739086,736,0.072918514,0,0
11-Apr,,,,,,,1278471,,2274466,,,,0.129969486,737,0.073055486,0,0
12-Apr,,,,,,,1285008,,2283879,,,,0.130507371,738,0.073429029,0,0
13-Apr,,,,,,,1290954,,2293955,,,,0.131083143,739,0.0737688,0,0
14-Apr,,,,,,,1297551,,2304064,,,,0.1316608,740,0.074145771,0,0
15-Apr,,,,,,,1303331,,2312711,,,,0.132154914,741,0.074476057,0,0
16-Apr,,,,,,,1307577,,2321036,,,,0.132630629,742,0.074718686,0,0
17-Apr,,,,,,,1310959,,2327579,,,,0.133004514,743,0.074911943,0,0
18-Apr,,,,,,,1313409,,2333022,,,,0.133315543,744,0.075051943,0,0
19-Apr,,,,,,,1317740,,2340662,,,,0.133752114,745,0.075299429,0,0
20-Apr,,,,,,,1325390,,2352183,,,,0.134410457,746,0.075736571,0,0
21-Apr,,,,,,,1332919,,2363095,,,,0.135034,747,0.0761668,0,0
22-Apr,,,,,,,1340553,,2373908,,,,0.135651886,748,0.076603029,0,0
23-Apr,,,,,,,,,,,,,0,749,0,0,0
24-Apr,,,,,,,,,,,,,0,750,0,0,0
25-Apr,,,,,,,1350149,,2389417,,,,0.136538114,751,0.077151371,0,0
26-Apr,,,,,,,1355305,,2398676,,,,0.1370672,752,0.077446,0,0
27-Apr,,,,,,,1359770,,2406270,,,,0.137501143,753,0.077701143,0,0
28-Apr,,,,,,,1364332,,2414856,,,,0.137991771,754,0.077961829,0,0
29-Apr,,,,,,,1367251,,2420028,,,,0.138287314,755,0.078128629,0,0
30-Apr,,,,,,,1372455,,2429730,,,,0.138841714,756,0.078426,0,0
1-May,,,,,,,1374595,,2433475,,,,0.139055714,757,0.078548286,0,0
2-May,,,,,,,1376507,,2435459,,,,0.139169086,758,0.078657543,0,0
3-May,,,,,,,1381071,,2440606,,,,0.1394632,759,0.078918343,0,0
4-May,,,,,,,1386436,,2450333,,,,0.140019029,760,0.079224914,0,0
5-May,,,,,,,1391664,,2460369,,,,0.140592514,761,0.079523657,0,0
6-May,,,,,,,1397287,,2469226,,,,0.141098629,762,0.079844971,,0
7-May,,,,,,,1400328,,2474689,,,,0.1414108,763,0.080018743,,0
8-May,,,,,,,1403325,,2479135,,,,0.141664857,764,0.08019,0,0
9-May,,,,,,,1405697,,2481518,,,,0.141801029,765,0.080325543,,0
10-May,,,,,,,1411520,,2490313,,,,0.1423036,766,0.080658286,0,0
11-May,,,,,,,1417413,,2499750,,,,0.142842857,767,0.080995029,0,0
12-May,,,,,,,1423287,,2508475,,,,0.143341429,768,0.081330686,0,0
13-May,,,,,,,1429093,,2516152,,,,0.143780114,769,0.081662457,0,0
14-May,,,,,,,1434672,,2523428,,,,0.144195886,770,0.081981257,0,0
,,,,,,,,,,,,,,,,0,0
,,,,,,,,,,,,,,,,0,0
,,,,,,,,,,,,,,,,0,0
,,,,,,,,,,,,,,,,0,0
,,,,,,,,,,,,,,,,,0
,,,,,,,,,,,,,,,,,0
,,,,,,,,,,,,,,,,0,0
,,,,,,,,,,,,,,,,0,0
,,,,,,,,,,,,,,,,0,0
,,,,,,,,,,,,,,,,0,0
,,,,,,,,,,,,,,,,,0
,,,,,,,,,,,,,,,,,0
,,,,,,,,,,,,,,,,,0
,,,,,,,,,,,,,,,,0,0
,,,,,,,,,,,,,,,,,0
,,,,,,,,,,,,,,,,,0
,,,,,,,,,,,,,,,,1107,6.33E-05
,,,,,,,,,,,,,,,,,0
,,,,,,,,,,,,,,,,5067,0.000289543
,,,,,,,,,,,,,,,,,0
,,,,,,,,,,,,,,,,5286,0.000302057
,,,,,,,,,,,,,,,,5286,0.000302057
,,,,,,,,,,,,,,,,,0
,,,,,,,,,,,,,,,,,0
,,,,,,,,,,,,,,,,,0
,,,,,,,,,,,,,,,,,0
,,,,,,,,,,,,,,,,,0
,,,,,,,,,,,,,,,,5286,0.000302057
,,,,,,,,,,,,,,,,,0
,,,,,,,,,,,,,,,,5286,0.000302057
,,,,,,,,,,,,,,,,5286,0.000302057
,,,,,,,,,,,,,,,,5286,0.000302057
,,,,,,,,,,,,,,,,5286,0.000302057
,,,,,,,,,,,,,,,,5286,0.000302057
,,,,,,,,,,,,,,,,5286,0.000302057
,,,,,,,,,,,,,,,,5286,0.000302057
,,,,,,,,,,,,,,,,5286,0.000302057
,,,,,,,,,,,,,,,,5286,0.000302057
,,,,,,,,,,,,,,,,5286,0.000302057
,,,,,,,,,,,,,,,,5286,0.000302057
,,,,,,,,,,,,,,,,,0
,,,,,,,,,,,,,,,,5215,0.000298
,,,,,,,,,,,,,,,,,0
,,,,,,,,,,,,,,,,,0
,,,,,,,,,,,,,,,,6215,0.000355143
,,,,,,,,,,,,,,,,6215,0.000355143
,,,,,,,,,,,,,,,,6215,0.000355143
,,,,,,,,,,,,,,,,6215,0.000355143
,,,,,,,,,,,,,,,,6215,0.000355143
,,,,,,,,,,,,,,,,,0
,,,,,,,,,,,,,,,,,0
,,,,,,,,,,,,,,,,,0
,,,,,,,,,,,,,,,,,0
,,,,,,,,,,,,,,,,9080,0.000518857
,,,,,,,,,,,,,,,,9536,0.000544914
,,,,,,,,,,,,,,,,,0
,,,,,,,,,,,,,,,,,0
,,,,,,,,,,,,,,,,14459,0.000826229
,,,,,,,,,,,,,,,,16661,0.000952057
,,,,,,,,,,,,,,,,20258,0.0011576
,,,,,,,,,,,,,,,,22245,0.001271143
,,,,,,,,,,,,,,,,23299,0.001331371
,,,,,,,,,,,,,,,,25322,0.001446971
,,,,,,,,,,,,,,,,27676,0.001581486
,,,,,,,,,,,,,,,,28992,0.001656686
,,,,,,,,,,,,,,,,32998,0.0018856
,,,,,,,,,,,,,,,,36714,0.002097943
,,,,,,,,,,,,,,,,41063,0.002346457
,,,,,,,,,,,,,,,,42567,0.0024324
,,,,,,,,,,,,,,,,46441,0.002653771
,,,,,,,,,,,,,,,,47938,0.002739314
,,,,,,,,,,,,,,,,54362,0.0031064
,,,,,,,,,,,,,,,,58144,0.003322514
,,,,,,,,,,,,,,,,61968,0.003541029
,,,,,,,,,,,,,,,,64102,0.003662971
,,,,,,,,,,,,,,,,65480,0.003741714
,,,,,,,,,,,,,,,,68789,0.0039308
,,,,,,,,,,,,,,,,72403,0.004137314
,,,,,,,,,,,,,,,,78928,0.004510171
,,,,,,,,,,,,,,,,84171,0.004809771
,,,,,,,,,,,,,,,,88434,0.005053371
,,,,,,,,,,,,,,,,93670,0.005352571
,,,,,,,,,,,,,,,,98637,0.0056364
,,,,,,,,,,,,,,,,102137,0.0058364
,,,,,,,,,,,,,,,,114931,0.006567486
,,,,,,,,,,,,,,,,115856,0.006620343
,,,,,,,,,,,,,,,,116485,0.006656286
,,,,,,,,,,,,,,,,117075,0.00669
,,,,,,,,,,,,,,,,121656,0.006951771
,,,,,,,,,,,,,,,,123193,0.0070396
,,,,,,,,,,,,,,,,125666,0.007180914
,,,,,,,,,,,,,,,,132983,0.007599029
,,,,,,,,,,,,,,,,140897,0.008051257
,,,,,,,,,,,,,,,,149015,0.008515143
,,,,,,,,,,,,,,,,156278,0.008930171
,,,,,,,,,,,,,,,,159651,0.009122914
,,,,,,,,,,,,,,,,161662,0.009237829
,,,,,,,,,,,,,,,,167800,0.009588571
,,,,,,,,,,,,,,,,174049,0.009945657
,,,,,,,,,,,,,,,,176606,0.010091771
,,,,,,,,,,,,,,,,179234,0.010241943
,,,,,,,,,,,,,,,,180953,0.010340171
,,,,,,,,,,,,,,,,182684,0.010439086
,,,,,,,,,,,,,,,,184223,0.010527029
,,,,,,,,,,,,,,,,187341,0.0107052
,,,,,,,,,,,,,,,,191771,0.010958343
,,,,,,,,,,,,,,,,196134,0.011207657
,,,,,,,,,,,,,,,,201909,0.011537657
,,,,,,,,,,,,,,,,207411,0.011852057
,,,,,,,,,,,,,,,,208977,0.011941543
,,,,,,,,,,,,,,,,213233,0.012184743
,,,,,,,,,,,,,,,,214711,0.0122692
,,,,,,,,,,,,,,,,218706,0.012497486
,,,,,,,,,,,,,,,,223320,0.012761143
,,,,,,,,,,,,,,,,227362,0.012992114
,,,,,,,,,,,,,,,,229164,0.013095086
,,,,,,,,,,,,,,,,230858,0.013191886
,,,,,,,,,,,,,,,,235512,0.013457829
,,,,,,,,,,,,,,,,235512,0.013457829
,,,,,,,,,,,,,,,,240881,0.013764629
,,,,,,,,,,,,,,,,243985,0.013942
,,,,,,,,,,,,,,,,247893,0.014165314
,,,,,,,,,,,,,,,,251293,0.0143596
,,,,,,,,,,,,,,,,253058,0.014460457
,,,,,,,,,,,,,,,,254088,0.014519314
,,,,,,,,,,,,,,,,257649,0.0147228
,,,,,,,,,,,,,,,,260869,0.0149068
,,,,,,,,,,,,,,,,264538,0.015116457
,,,,,,,,,,,,,,,,268528,0.015344457
,,,,,,,,,,,,,,,,272239,0.015556514
,,,,,,,,,,,,,,,,273849,0.015648514
,,,,,,,,,,,,,,,,275403,0.015737314
,,,,,,,,,,,,,,,,280058,0.016003314
,,,,,,,,,,,,,,,,285013,0.016286457
,,,,,,,,,,,,,,,,289857,0.016563257
,,,,,,,,,,,,,,,,294783,0.016844743
,,,,,,,,,,,,,,,,300744,0.017185371
,,,,,,,,,,,,,,,,303626,0.017350057
,,,,,,,,,,,,,,,,305554,0.017460229
,,,,,,,,,,,,,,,,313736,0.017927771
,,,,,,,,,,,,,,,,321886,0.018393486
,,,,,,,,,,,,,,,,329757,0.018843257
,,,,,,,,,,,,,,,,337136,0.019264914
,,,,,,,,,,,,,,,,340112,0.019434971
,,,,,,,,,,,,,,,,343046,0.019602629
,,,,,,,,,,,,,,,,351036,0.0200592
,,,,,,,,,,,,,,,,358512,0.0204864
,,,,,,,,,,,,,,,,367305,0.020988857
,,,,,,,,,,,,,,,,375183,0.021439029
,,,,,,,,,,,,,,,,378173,0.021609886
,,,,,,,,,,,,,,,,384569,0.021975371
,,,,,,,,,,,,,,,,388095,0.022176857
,,,,,,,,,,,,,,,,390764,0.022329371
,,,,,,,,,,,,,,,,396629,0.022664514
,,,,,,,,,,,,,,,,403148,0.023037029
,,,,,,,,,,,,,,,,409010,0.023372
,,,,,,,,,,,,,,,,414544,0.023688229
,,,,,,,,,,,,,,,,419324,0.023961371
,,,,,,,,,,,,,,,,422386,0.024136343
,,,,,,,,,,,,,,,,424537,0.024259257
,,,,,,,,,,,,,,,,430520,0.024601143
,,,,,,,,,,,,,,,,436672,0.024952686
,,,,,,,,,,,,,,,,443044,0.0253168
,,,,,,,,,,,,,,,,449230,0.025670286
,,,,,,,,,,,,,,,,454380,0.025964571
,,,,,,,,,,,,,,,,456248,0.026071314
,,,,,,,,,,,,,,,,458229,0.026184514
,,,,,,,,,,,,,,,,459681,0.026267486
,,,,,,,,,,,,,,,,464494,0.026542514
,,,,,,,,,,,,,,,,468867,0.0267924
,,,,,,,,,,,,,,,,471960,0.026969143
,,,,,,,,,,,,,,,,474656,0.0271232
,,,,,,,,,,,,,,,,475847,0.027191257
,,,,,,,,,,,,,,,,477021,0.027258343
,,,,,,,,,,,,,,,,478650,0.027351429
,,,,,,,,,,,,,,,,480643,0.027465314
,,,,,,,,,,,,,,,,485303,0.0277316
,,,,,,,,,,,,,,,,489401,0.027965771
,,,,,,,,,,,,,,,,494651,0.028265771
,,,,,,,,,,,,,,,,496874,0.0283928
,,,,,,,,,,,,,,,,499266,0.028529486
,,,,,,,,,,,,,,,,503174,0.0287528
,,,,,,,,,,,,,,,,510291,0.029159486
,,,,,,,,,,,,,,,,517794,0.029588229
,,,,,,,,,,,,,,,,524260,0.029957714
,,,,,,,,,,,,,,,,530038,0.030287886
,,,,,,,,,,,,,,,,533980,0.030513143
,,,,,,,,,,,,,,,,537684,0.0307248
,,,,,,,,,,,,,,,,541489,0.030942229
,,,,,,,,,,,,,,,,548912,0.0313664
,,,,,,,,,,,,,,,,556141,0.031779486
,,,,,,,,,,,,,,,,563380,0.032193143
,,,,,,,,,,,,,,,,567943,0.032453886
,,,,,,,,,,,,,,,,570821,0.032618343
,,,,,,,,,,,,,,,,572814,0.032732229
,,,,,,,,,,,,,,,,577617,0.033006686
,,,,,,,,,,,,,,,,582228,0.033270171
,,,,,,,,,,,,,,,,587808,0.033589029
,,,,,,,,,,,,,,,,589436,0.033682057
,,,,,,,,,,,,,,,,596297,0.034074114
,,,,,,,,,,,,,,,,598769,0.034215371
,,,,,,,,,,,,,,,,603379,0.0344788
,,,,,,,,,,,,,,,,608704,0.034783086
,,,,,,,,,,,,,,,,612873,0.035021314
,,,,,,,,,,,,,,,,618913,0.035366457
,,,,,,,,,,,,,,,,628214,0.035897943
,,,,,,,,,,,,,,,,632787,0.036159257
,,,,,,,,,,,,,,,,636028,0.036344457
,,,,,,,,,,,,,,,,641915,0.036680857
,,,,,,,,,,,,,,,,652516,0.037286629
,,,,,,,,,,,,,,,,660779,0.0377588
,,,,,,,,,,,,,,,,672203,0.0384116
,,,,,,,,,,,,,,,,680194,0.038868229
,,,,,,,,,,,,,,,,692551,0.039574343
,,,,,,,,,,,,,,,,701742,0.040099543
,,,,,,,,,,,,,,,,708385,0.040479143
,,,,,,,,,,,,,,,,719607,0.0411204
,,,,,,,,,,,,,,,,733363,0.041906457
,,,,,,,,,,,,,,,,734915,0.041995143
,,,,,,,,,,,,,,,,752126,0.042978629
,,,,,,,,,,,,,,,,768317,0.043903829
,,,,,,,,,,,,,,,,777070,0.044404
,,,,,,,,,,,,,,,,786396,0.044936914
,,,,,,,,,,,,,,,,801760,0.045814857
,,,,,,,,,,,,,,,,824736,0.047127771
,,,,,,,,,,,,,,,,850982,0.048627543
,,,,,,,,,,,,,,,,880704,0.050325943
,,,,,,,,,,,,,,,,903595,0.051634
,,,,,,,,,,,,,,,,917361,0.052420629
,,,,,,,,,,,,,,,,925641,0.052893771
,,,,,,,,,,,,,,,,953764,0.0545008
,,,,,,,,,,,,,,,,985053,0.056288743
,,,,,,,,,,,,,,,,1015551,0.058031486
,,,,,,,,,,,,,,,,1043878,0.059650171
,,,,,,,,,,,,,,,,1062356,0.060706057
,,,,,,,,,,,,,,,,1070826,0.061190057
,,,,,,,,,,,,,,,,1080246,0.061728343
,,,,,,,,,,,,,,,,1098801,0.062788629
,,,,,,,,,,,,,,,,1118363,0.063906457
,,,,,,,,,,,,,,,,1142246,0.0652712
,,,,,,,,,,,,,,,,1164196,0.066525486
,,,,,,,,,,,,,,,,1177990,0.067313714
,,,,,,,,,,,,,,,,1184654,0.067694514
,,,,,,,,,,,,,,,,1191161,0.068066343
,,,,,,,,,,,,,,,,1206740,0.068956571
,,,,,,,,,,,,,,,,1222850,0.069877143
,,,,,,,,,,,,,,,,1241363,0.070935029
,,,,,,,,,,,,,,,,1260069,0.072003943
,,,,,,,,,,,,,,,,1278917,0.073080971
,,,,,,,,,,,,,,,,1293751,0.073928629
,,,,,,,,,,,,,,,,1308394,0.074765371
,,,,,,,,,,,,,,,,1330245,0.076014
,,,,,,,,,,,,,,,,1355380,0.077450286
,,,,,,,,,,,,,,,,1381663,0.078952171
,,,,,,,,,,,,,,,,1430016,0.0817152
,,,,,,,,,,,,,,,,1451813,0.082960743
,,,,,,,,,,,,,,,,1464666,0.0836952
,,,,,,,,,,,,,,,,1471592,0.084090971
,,,,,,,,,,,,,,,,1485744,0.084899657
,,,,,,,,,,,,,,,,1500476,0.085741486
,,,,,,,,,,,,,,,,1515331,0.086590343
,,,,,,,,,,,,,,,,1528932,0.087367543
,,,,,,,,,,,,,,,,1539335,0.087962
,,,,,,,,,,,,,,,,1544921,0.0882812
,,,,,,,,,,,,,,,,1550378,0.088593029
,,,,,,,,,,,,,,,,1559285,0.089102
,,,,,,,,,,,,,,,,1568909,0.089651943
,,,,,,,,,,,,,,,,1578333,0.090190457
,,,,,,,,,,,,,,,,1589809,0.090846229
,,,,,,,,,,,,,,,,1598514,0.091343657
,,,,,,,,,,,,,,,,1603665,0.091638
,,,,,,,,,,,,,,,,1607435,0.091853429
,,,,,,,,,,,,,,,,1616301,0.092360057
,,,,,,,,,,,,,,,,1622057,0.092688971
,,,,,,,,,,,,,,,,1632893,0.093308171
,,,,,,,,,,,,,,,,1643728,0.093927314
,,,,,,,,,,,,,,,,1652356,0.094420343
,,,,,,,,,,,,,,,,1656984,0.0946848
,,,,,,,,,,,,,,,,1660107,0.094863257
,,,,,,,,,,,,,,,,1668074,0.095318514
,,,,,,,,,,,,,,,,1678097,0.095891257
,,,,,,,,,,,,,,,,1686701,0.096382914
,,,,,,,,,,,,,,,,1695397,0.096879829
,,,,,,,,,,,,,,,,1695397,0.096879829
,,,,,,,,,,,,,,,,1701296,0.097216914
,,,,,,,,,,,,,,,,1704706,0.097411771
,,,,,,,,,,,,,,,,1714316,0.097960914
,,,,,,,,,,,,,,,,1725710,0.098612
,,,,,,,,,,,,,,,,1738380,0.099336
,,,,,,,,,,,,,,,,1750318,0.100018171
,,,,,,,,,,,,,,,,1761977,0.1006844
,,,,,,,,,,,,,,,,1767810,0.101017714
,,,,,,,,,,,,,,,,1772282,0.101273257
,,,,,,,,,,,,,,,,1772282,0.101273257
,,,,,,,,,,,,,,,,1784814,0.101989371
,,,,,,,,,,,,,,,,1796914,0.1026808
,,,,,,,,,,,,,,,,1809578,0.103404457
,,,,,,,,,,,,,,,,1819164,0.103952229
,,,,,,,,,,,,,,,,1824669,0.1042668
,,,,,,,,,,,,,,,,1829661,0.104552057
,,,,,,,,,,,,,,,,1917408,0.109566171
,,,,,,,,,,,,,,,,1938474,0.110769943
,,,,,,,,,,,,,,,,1953475,0.111627143
,,,,,,,,,,,,,,,,1970376,0.112592914
,,,,,,,,,,,,,,,,1983053,0.113317314
,,,,,,,,,,,,,,,,1989067,0.113660971
,,,,,,,,,,,,,,,,1994605,0.113977429
,,,,,,,,,,,,,,,,2007025,0.114687143
,,,,,,,,,,,,,,,,2013903,0.115080171
,,,,,,,,,,,,,,,,2026508,0.115800457
,,,,,,,,,,,,,,,,2038766,0.116500914
,,,,,,,,,,,,,,,,2050825,0.11719
,,,,,,,,,,,,,,,,2058049,0.1176028
,,,,,,,,,,,,,,,,2063376,0.1179072
,,,,,,,,,,,,,,,,2073010,0.118457714
,,,,,,,,,,,,,,,,2082989,0.119027943
,,,,,,,,,,,,,,,,2094075,0.119661429
,,,,,,,,,,,,,,,,2102646,0.1201512
,,,,,,,,,,,,,,,,2109452,0.120540114
,,,,,,,,,,,,,,,,2115503,0.120885886
,,,,,,,,,,,,,,,,2120529,0.121173086
,,,,,,,,,,,,,,,,2129892,0.121708114
,,,,,,,,,,,,,,,,2140910,0.122337714
,,,,,,,,,,,,,,,,2152077,0.122975829
,,,,,,,,,,,,,,,,2161112,0.123492114
,,,,,,,,,,,,,,,,2168559,0.123917657
,,,,,,,,,,,,,,,,2172746,0.124156914
,,,,,,,,,,,,,,,,2176230,0.124356
,,,,,,,,,,,,,,,,2182849,0.124734229
,,,,,,,,,,,,,,,,2189926,0.125138629
,,,,,,,,,,,,,,,,2198910,0.125652
,,,,,,,,,,,,,,,,2207102,0.126120114
,,,,,,,,,,,,,,,,2214835,0.126562
,,,,,,,,,,,,,,,,2219320,0.126818286
,,,,,,,,,,,,,,,,2222834,0.127019086
,,,,,,,,,,,,,,,,2228486,0.127342057
,,,,,,,,,,,,,,,,2237011,0.1278292
,,,,,,,,,,,,,,,,2246327,0.128361543
,,,,,,,,,,,,,,,,2256469,0.128941086
,,,,,,,,,,,,,,,,2265716,0.129469486
,,,,,,,,,,,,,,,,2270434,0.129739086
,,,,,,,,,,,,,,,,2274466,0.129969486
,,,,,,,,,,,,,,,,2283879,0.130507371
,,,,,,,,,,,,,,,,2293955,0.131083143
,,,,,,,,,,,,,,,,2304064,0.1316608
,,,,,,,,,,,,,,,,2312711,0.132154914
,,,,,,,,,,,,,,,,2321036,0.132630629
,,,,,,,,,,,,,,,,2327579,0.133004514
,,,,,,,,,,,,,,,,2333022,0.133315543
,,,,,,,,,,,,,,,,2340662,0.133752114
,,,,,,,,,,,,,,,,2352183,0.134410457
,,,,,,,,,,,,,,,,2363095,0.135034
,,,,,,,,,,,,,,,,2373908,0.135651886
,,,,,,,,,,,,,,,,,0
,,,,,,,,,,,,,,,,,0
,,,,,,,,,,,,,,,,2389417,0.136538114
,,,,,,,,,,,,,,,,2398676,0.1370672
,,,,,,,,,,,,,,,,2406270,0.137501143
,,,,,,,,,,,,,,,,2414856,0.137991771
,,,,,,,,,,,,,,,,2420028,0.138287314
,,,,,,,,,,,,,,,,2429730,0.138841714
,,,,,,,,,,,,,,,,2433475,0.139055714
,,,,,,,,,,,,,,,,2435459,0.139169086
,,,,,,,,,,,,,,,,2440606,0.1394632
,,,,,,,,,,,,,,,,2450333,0.140019029
,,,,,,,,,,,,,,,,2460369,0.140592514
,,,,,,,,,,,,,,,,2469226,0.141098629
,,,,,,,,,,,,,,,,2474689,0.1414108
,,,,,,,,,,,,,,,,2479135,0.141664857
,,,,,,,,,,,,,,,,2481518,0.141801029
,,,,,,,,,,,,,,,,2490313,0.1423036
,,,,,,,,,,,,,,,,2499750,0.142842857
,,,,,,,,,,,,,,,,2508475,0.143341429
,,,,,,,,,,,,,,,,2516152,0.143780114
,,,,,,,,,,,,,,,,2523428,0.144195886
,,,,,,,,,,,,,,,,,
,,,,,,,,,,,,,,,,,
