date,Goodnessfit,daily,confirmed_cases,active_cases,Recovered,total_deaths,total_tests,one dose of vacination,fully_vaccinated,total_vaccinations,,confirmed_cases_log,active_cases_log,discharged_cases_log,total_deaths_log,one dose of vacination_log,fully_vaccinated_log,Days,Fration_one dose of vacination,Fration_fully_vaccinated,Fration_total_vaccinations
2/28/2020,1,0,1,1,0,0,,,,,,0,0,,,,,,0,0,0
2/29/2020,1,1,1,1,0,0,,,,,,0,0,,,,,,0,0,0
3/1/2020,1,2,1,1,0,0,,,,,,0,0,,,,,,0,0,0
3/2/2020,1,3,1,1,0,0,,,,,,0,0,,,,,,0,0,0
3/3/2020,1,4,1,1,0,0,,,,,,0,0,,,,,,0,0,0
3/4/2020,1,5,1,1,0,0,,,,,,0,0,,,,,,0,0,0
3/5/2020,1,6,1,1,0,0,,,,,,0,0,,,,,,0,0,0
3/6/2020,1,7,1,1,0,0,,,,,,0,0,,,,,,0,0,0
3/7/2020,1,8,1,1,0,0,,,,,,0,0,,,,,,0,0,0
3/8/2020,1,9,1,1,0,0,,,,,,0,0,,,,,,0,0,0
3/9/2020,1,10,2,2,0,0,,,,,,0.301029996,0.301029996,,,,,,0,0,0
3/10/2020,1,11,2,2,0,0,,,,,,0.301029996,0.301029996,,,,,,0,0,0
3/11/2020,1,12,2,2,0,0,,,,,,0.301029996,0.301029996,,,,,,0,0,0
3/12/2020,1,13,2,2,0,0,,,,,,0.301029996,0.301029996,,,,,,0,0,0
3/13/2020,1,14,2,2,0,0,,,,,,0.301029996,0.301029996,,,,,,0,0,0
3/14/2020,1,15,2,2,0,0,,,,,,0.301029996,0.301029996,,,,,,0,0,0
3/15/2020,1,16,2,2,0,0,,,,,,0.301029996,0.301029996,,,,,,0,0,0
3/16/2020,1,17,2,2,0,0,,,,,,0.301029996,0.301029996,,,,,,0,0,0
3/17/2020,1,18,3,3,0,0,,,,,,0.477121255,0.477121255,,,,,,0,0,0
3/18/2020,1,19,8,8,0,0,,,,,,0.903089987,0.903089987,,,,,,0,0,0
3/19/2020,1,20,8,8,0,0,,,,,,0.903089987,0.903089987,,,,,,0,0,0
3/20/2020,1,21,12,12,0,0,,,,,,1.079181246,1.079181246,,,,,,0,0,0
3/21/2020,1,22,22,22,0,0,,,,,,1.342422681,1.342422681,,,,,,0,0,0
3/22/2020,1,23,30,30,0,0,,,,,,1.477121255,1.477121255,,,,,,0,0,0
3/23/2020,1,24,40,39,0,1,,,,,,1.602059991,1.591064607,,0,,,,0,0,0
3/24/2020,1,25,44,43,0,1,,,,,,1.643452676,1.633468456,,0,,,,0,0,0
3/25/2020,1,26,51,50,0,1,,,,,,1.707570176,1.698970004,,0,,,,0,0,0
3/26/2020,1,27,65,64,0,1,,,,,,1.812913357,1.806179974,,0,,,,0,0,0
3/27/2020,1,28,70,69,0,1,,,,,,1.84509804,1.838849091,,0,,,,0,0,0
3/28/2020,1,29,89,88,0,1,,,,,,1.949390007,1.944482672,,0,,,,0,0,0
3/29/2020,1,30,111,110,0,1,,,,,,2.045322979,2.041392685,,0,,,,0,0,0
3/30/2020,1,31,131,129,0,2,,,,,,2.117271296,2.11058971,,0.301029996,,,,0,0,0
3/31/2020,1,32,135,133,0,2,,,,,,2.130333768,2.123851641,,0.301029996,,,,0,0,0
4/1/2020,1,33,174,172,0,2,,,,,,2.240549248,2.235528447,,0.301029996,,,,0,0,0
4/2/2020,1,34,184,182,0,2,,,,,,2.264817823,2.260071388,,0.301029996,,,,0,0,0
4/3/2020,1,35,210,206,0,4,,,,,,2.322219295,2.31386722,,0.602059991,,,,0,0,0
4/4/2020,1,36,214,210,0,4,,,,,,2.330413773,2.322219295,,0.602059991,,,,0,0,0
4/5/2020,1,37,232,227,0,5,,,,,,2.365487985,2.356025857,,0.698970004,,,,0,0,0
4/6/2020,1,38,238,233,0,5,,,,,,2.376576957,2.367355921,,0.698970004,,,,0,0,0
4/7/2020,1,39,254,204,44,6,,,,,,2.404833717,2.309630167,1.643452676,0.77815125,,,,0,0,0
4/8/2020,1,40,276,226,44,6,5000,,,,,2.440909082,2.354108439,1.643452676,0.77815125,,,,0,0,0
4/9/2020,1,41,288,230,51,7,5000,,,,,2.459392488,2.361727836,1.707570176,0.84509804,,,,0,0,0
4/10/2020,1,42,305,240,58,7,5000,,,,,2.484299839,2.380211242,1.763427994,0.84509804,,,,0,0,0
4/11/2020,1,43,318,238,70,10,5000,,,,,2.50242712,2.376576957,1.84509804,1,,,,0,0,0
4/12/2020,1,44,323,228,85,10,5000,,,,,2.509202522,2.357934847,1.929418926,1,,,,0,0,0
4/13/2020,1,45,343,242,91,10,5000,,,,,2.53529412,2.383815366,1.959041392,1,,,,0,0,0
4/14/2020,1,46,373,263,99,11,5000,,,,,2.571708832,2.419955748,1.995635195,1.041392685,,,,0,0,0
4/15/2020,1,47,407,267,128,12,5000,,,,,2.609594409,2.426511261,2.10720997,1.079181246,,,,0,0,0
4/16/2020,1,48,442,277,152,13,6649,,,,,2.645422269,2.442479769,2.181843588,1.113943352,,,,0,0,0
4/17/2020,1,49,493,317,159,17,7153,,,,,2.692846919,2.501059262,2.201397124,1.230448921,,,,0,0,0
4/18/2020,1,50,542,357,166,19,7153,,,,,2.733999287,2.552668216,2.220108088,1.278753601,,,,0,0,0
4/19/2020,1,51,627,436,170,21,7153,,,,,2.797267541,2.639486489,2.230448921,1.322219295,,,,0,0,0
4/20/2020,1,52,665,455,188,22,7153,,,,,2.822821645,2.658011397,2.274157849,1.342422681,,,,0,0,0
4/21/2020,1,53,782,563,194,25,7153,,,,,2.893206753,2.750508395,2.28780173,1.397940009,,,,0,0,0
4/22/2020,1,54,873,648,197,28,7153,,,,,2.941014244,2.811575006,2.294466226,1.447158031,,,,0,0,0
4/23/2020,1,55,981,753,197,31,10061,,,,,2.991669007,2.876794976,2.294466226,1.491361694,,,,0,0,0
4/24/2020,1,56,1095,855,208,32,10061,,,,,3.039414119,2.931966115,2.318063335,1.505149978,,,,0,0,0
4/25/2020,1,57,1182,925,222,35,10918,,,,,3.072617477,2.966141733,2.346352974,1.544068044,,,,0,0,0
4/26/2020,1,58,1273,994,239,40,10918,,,,,3.104828404,2.997386384,2.378397901,1.602059991,,,,0,0,0
4/27/2020,1,59,1337,1042,255,40,10918,,,,,3.126131407,3.017867719,2.40654018,1.602059991,,,,0,0,0
4/28/2020,1,60,1532,1233,255,44,12004,,,,,3.185258765,3.090963077,2.40654018,1.643452676,,,,0,0,0
4/29/2020,1,61,1728,1370,307,51,12828,,,,,3.237543738,3.136720567,2.487138375,1.707570176,,,,0,0,0
4/30/2020,1,62,1932,1555,319,58,12828,,,,,3.286007122,3.191730393,2.503790683,1.763427994,,,,0,0,0
5/1/2020,1,63,2170,1783,319,68,15759,,,,,3.336459734,3.251151343,2.503790683,1.832508913,,,,0,0,0
5/2/2020,1,64,2388,1918,385,85,15759,,,,,3.378034322,3.282848603,2.58546073,1.929418926,,,,0,0,0
5/3/2020,1,65,2558,2071,400,87,16588,,,,,3.40790054,3.316180099,2.602059991,1.939519253,,,,0,0,0
5/4/2020,1,66,2802,2292,417,93,18536,,,,,3.447468131,3.360214613,2.620136055,1.968482949,,,,0,0,0
5/5/2020,1,67,2950,2371,481,98,19512,,,,,3.469822016,3.374931554,2.682145076,1.991226076,,,,0,0,0
5/6/2020,1,68,3145,2508,534,103,21208,,,,,3.49762065,3.399327532,2.727541257,2.012837225,,,,0,0,0
5/7/2020,1,69,3526,2818,601,107,22492,,,,,3.547282308,3.449940989,2.778874472,2.029383778,,,,0,0,0
5/8/2020,1,70,3912,3194,601,117,23835,,,,,3.592398846,3.504334912,2.778874472,2.068185862,,,,0,0,0
5/9/2020,1,71,4151,3422,601,128,23835,,,,,3.618152733,3.534280005,2.778874472,2.10720997,,,,0,0,0
5/10/2020,1,72,4399,3478,778,143,23835,,,,,3.643353962,3.541329578,2.890979597,2.155336037,,,,0,0,0
5/11/2020,1,73,4641,3589,902,150,27078,,,,,3.666611568,3.554973458,2.955206538,2.176091259,,,,0,0,0
5/12/2020,1,74,4787,3670,959,158,28418,,,,,3.680063427,3.564666064,2.981818607,2.198657087,,,,0,0,0
5/13/2020,1,75,4971,3737,1070,164,29408,,,,,3.696443763,3.572523098,3.029383778,2.214843848,,,,0,0,0
5/14/2020,1,76,5162,3925,1070,167,30657,,,,,3.712818,3.593839661,3.029383778,2.222716471,,,,0,0,0
5/15/2020,1,77,5445,3954,1320,171,30657,,,,,3.735997884,3.597036665,3.120573931,2.23299611,,,,0,0,0
5/16/2020,1,78,5621,3973,1472,176,32942,,,,,3.749813585,3.599118565,3.16790781,2.245512668,,,,0,0,0
5/17/2020,1,79,5959,4183,1594,182,33970,,,,,3.775173385,3.621487865,3.202488317,2.260071388,,,,0,0,0
5/18/2020,1,80,6175,4340,1644,191,35345,,,,,3.790636962,3.63748973,3.215901813,2.281033367,,,,0,0,0
5/19/2020,1,81,6401,4475,1734,192,36899,,,,,3.806247827,3.65079304,3.239049093,2.283301229,,,,0,0,0
5/20/2020,1,82,6677,4637,1840,200,38231,,,,,3.824581376,3.666237096,3.264817823,2.301029996,,,,0,0,0
5/21/2020,1,83,7016,4965,1840,211,38231,,,,,3.84608958,3.695919253,3.264817823,2.324282455,,,,0,0,0
5/22/2020,1,84,7261,5033,2007,221,41907,,,,,3.860996437,3.70182693,3.302547372,2.344392274,,,,0,0,0
5/23/2020,1,85,7526,5131,2174,221,43328,,,,,3.876564214,3.710202015,3.33725954,2.344392274,,,,0,0,0
5/24/2020,1,86,7839,5350,2263,226,44458,,,,,3.894260664,3.728353782,3.354684554,2.354108439,,,,0,0,0
5/25/2020,1,87,8068,5524,2311,233,45683,,,,,3.90676589,3.74225367,3.363799945,2.367355921,,,,0,0,0
5/26/2020,1,88,8344,5710,2385,249,46803,,,,,3.921374295,3.756636108,3.377488383,2.396199347,,,,0,0,0
5/27/2020,1,89,8733,5978,2501,254,48544,,,,,3.94116346,3.776555911,3.398113692,2.404833717,,,,0,0,0
5/28/2020,1,90,8915,6064,2592,259,49966,,,,,3.950121348,3.782759193,3.413634997,2.413299764,,,,0,0,0
5/29/2020,1,91,9302,6344,2697,261,58726,,,,,3.968576335,3.802363174,3.430880946,2.416640507,,,,0,0,0
5/30/2020,1,92,9855,6726,2856,273,60825,,,,,3.993656629,3.827756863,3.455758203,2.436162647,,,,0,0,0
5/31/2020,1,93,10162,6868,3007,287,60825,,,,,4.006979191,3.836830286,3.478133428,2.457881897,,,,0,0,0
6/1/2020,1,94,10578,7157,3122,299,63882,,,,,4.024403563,3.854731017,3.494432899,2.475671188,,,,0,0,0
6/2/2020,1,95,10819,7266,3239,314,65885,,,,,4.034187121,3.861295394,3.510410948,2.496929648,,,,0,0,0
6/3/2020,1,96,11166,7522,3329,315,69801,,,,,4.047897624,3.876333329,3.522313795,2.498310554,,,,0,0,0
6/4/2020,1,97,11516,7658,3535,323,71336,,,,,4.061301656,3.884115362,3.548389418,2.509202522,,,,0,0,0
6/5/2020,1,98,11844,7815,3696,333,73064,,,,,4.073498399,3.892928982,3.567731963,2.522444234,,,,0,0,0
6/6/2020,1,99,12233,8065,3826,342,74999,,,,,4.087532976,3.906604372,3.582744966,2.534026106,,,,0,0,0
6/7/2020,1,100,12486,8173,3959,354,76802,,,,,4.096423331,3.912381499,3.597585502,2.549003262,,,,0,0,0
6/8/2020,1,101,12801,8400,4040,361,78244,,,,,4.107243898,3.924279286,3.606381365,2.557507202,,,,0,0,0
6/9/2020,1,102,13464,8893,4206,365,79948,,,,,4.129174103,3.949048292,3.623869268,2.562292864,,,,0,0,0
6/10/2020,1,103,13873,9140,4351,382,82935,,,,,4.142170386,3.960946196,3.638589083,2.582063363,,,,0,0,0
6/11/2020,1,104,14554,9673,4494,387,85375,,,,,4.162982371,3.985561188,3.652633068,2.587710965,,,,0,0,0
6/12/2020,1,105,15181,9891,4891,399,85375,,,,,4.18130038,3.995240202,3.689397663,2.600972896,,,,0,0,0
6/13/2020,1,106,15682,10174,5101,407,90464,,,,,4.19540145,4.007491733,3.707655324,2.609594409,,,,0,0,0
6/14/2020,1,107,16085,10445,5220,420,92924,,,,,4.206421065,4.018908444,3.717670503,2.62324929,,,,0,0,0
6/15/2020,1,108,16658,10885,5349,424,94323,,,,,4.221622858,4.036828433,3.728272598,2.627365857,,,,0,0,0
6/16/2020,1,109,17148,11070,5623,455,96402,,,,,4.234213475,4.044147621,3.749968084,2.658011397,,,,0,0,0
6/17/2020,1,110,17735,11299,5967,469,96402,,,,,4.248831193,4.053040009,3.775756038,2.671172843,,,,0,0,0
6/18/2020,1,111,18480,11698,6307,475,106006,,,,,4.266701967,4.068111617,3.799822831,2.67669361,,,,0,0,0
6/19/2020,1,112,19147,12079,6581,487,108548,,,,,4.282100737,4.082030981,3.818291891,2.687528961,,,,0,0,0
6/20/2020,1,113,19808,12584,6718,506,111052,,,,,4.296840627,4.09981871,3.82724,2.704150517,,,,0,0,0
6/21/2020,1,114,20244,12847,6879,518,113575,,,,,4.306296329,4.108801724,3.837525309,2.71432976,,,,0,0,0
6/22/2020,1,115,20919,13285,7109,525,115760,,,,,4.32054092,4.123361559,3.851808514,2.720159303,,,,0,0,0
6/23/2020,1,116,21371,13500,7338,533,117569,,,,,4.329824844,4.130333768,3.865577707,2.726727209,,,,0,0,0
6/24/2020,1,117,22020,13865,7613,542,120108,,,,,4.342817315,4.141919874,3.88155583,2.733999287,,,,0,0,0
6/25/2020,1,118,22614,14452,7613,549,122155,,,,,4.354377388,4.159927953,3.88155583,2.739572344,,,,0,0,0
6/26/2020,1,119,23298,14491,8253,554,122155,,,,,4.367318641,4.161098356,3.916611845,2.743509765,,,,0,0,0
6/27/2020,1,120,24077,15266,8253,558,127158,,,,,4.381602373,4.183725258,3.916611845,2.746634199,,,,0,0,0
6/28/2020,1,121,24567,14995,9007,565,130164,,,,,4.390352126,4.17594647,3.954580163,2.752048448,,,,0,0,0
6/29/2020,1,122,25133,15158,9402,573,132304,,,,,4.400244331,4.180641903,3.973220247,2.758154622,,,,0,0,0
6/30/2020,1,123,25694,15358,9746,590,134257,,,,,4.40983172,4.186334663,3.988826407,2.770852012,,,,0,0,0
7/1/2020,1,124,26484,16135,9746,603,138462,,,,,4.422983579,4.20776897,3.988826407,2.780317312,,,,0,0,0
7/2/2020,1,125,27110,15693,10801,616,141525,,,,,4.433129518,4.195705975,4.033463966,2.789580712,,,,0,0,0
7/3/2020,1,126,27564,16135,10801,628,144833,,,,,4.440342241,4.20776897,4.033463966,2.797959644,,,,0,0,0
7/4/2020,1,127,28167,16071,11462,634,148188,,,,,4.449740594,4.206042901,4.059260404,2.802089258,,,,0,0,0
7/5/2020,1,128,28711,16401,11665,645,151121,,,,,4.458048319,4.214870329,4.066884743,2.809559715,,,,0,0,0
7/6/2020,1,129,29286,16804,11828,654,152952,,,,,4.466660058,4.225412673,4.072911316,2.815577748,,,,0,0,0
7/7/2020,1,130,29879,17102,12108,669,152952,,,,,4.475366058,4.233046902,4.083072412,2.825426118,,,,0,0,0
7/8/2020,1,131,30249,17192,12373,684,169629,,,,,4.480711022,4.235326402,4.092475013,2.835056102,,,,0,0,0
7/9/2020,1,132,30748,17513,12546,689,171931,,,,,4.487816872,4.243360548,4.098505283,2.838219222,,,,0,0,0
7/10/2020,1,133,31323,17819,12795,709,175656,,,,,4.49586335,4.250883328,4.10704029,2.850646235,,,,0,0,0
7/11/2020,1,134,31987,18160,13103,724,178265,,,,,4.50497351,4.259115844,4.117370741,2.859738566,,,,0,0,0
7/12/2020,1,135,32558,18371,13447,740,181248,,,,,4.512657719,4.264132797,4.128625405,2.86923172,,,,0,0,0
7/13/2020,1,136,33153,18738,13671,744,183294,,,,,4.520522834,4.272723235,4.135800283,2.871572936,,,,0,0,0
7/14/2020,1,137,33616,19070,13792,754,183294,,,,,4.526546035,4.280350693,4.139627248,2.877371346,,,,0,0,0
7/15/2020,1,138,34259,19500,13999,760,199016,,,,,4.534774682,4.290034611,4.146097014,2.880813592,,,,0,0,0
7/16/2020,1,139,34854,19793,14292,769,202097,,,,,4.542252627,4.296511625,4.155093008,2.88592634,,,,0,0,0
7/17/2020,1,140,35454,20049,14633,772,206422,,,,,4.54966524,4.302092716,4.165333373,2.8876173,,,,0,0,0
7/18/2020,1,141,36107,20391,14938,778,209446,,,,,4.557591406,4.309438525,4.174292455,2.890979597,,,,0,0,0
7/19/2020,1,142,36663,20769,15105,789,212201,,,,,4.564227999,4.317415586,4.17912073,2.897077003,,,,0,0,0
7/20/2020,1,143,37225,21091,15333,801,212201,,,,,4.570834706,4.324097172,4.185627136,2.903632516,,,,0,0,0
7/21/2020,1,144,37801,21319,15677,805,218223,,,,,4.577503289,4.32876683,4.195262958,2.90579588,,,,0,0,0
7/22/2020,1,145,38344,21716,15815,813,247825,,,,,4.583697416,4.336779833,4.199069196,2.910090546,,,,0,0,0
7/23/2020,1,146,38948,22054,16061,833,251893,,,,,4.590485161,4.34348737,4.205772582,2.920645001,,,,0,0,0
7/24/2020,1,147,39539,22135,16559,845,256038,,,,,4.597025681,4.345079526,4.219034106,2.926856709,,,,0,0,0
7/25/2020,1,148,39977,22173,16948,856,259516,,,,,4.6018102,4.345824457,4.229118455,2.932473765,,,,0,0,0
7/26/2020,1,149,40532,22300,17374,858,262579,,,,,4.607798034,4.348304863,4.239899817,2.933487288,,,,0,0,0
7/27/2020,1,150,41180,22117,18203,860,267842,,,,,4.614686342,4.344726218,4.260142969,2.934498451,,,,0,0,0
7/28/2020,1,151,41804,22172,18764,868,272748,,,,,4.621217839,4.34580487,4.273325424,2.938519725,,,,0,0,0
7/29/2020,1,152,42208,22331,19004,873,276053,,,,,4.625394774,4.348908172,4.278845022,2.941014244,,,,0,0,0
7/30/2020,1,153,42689,22541,19270,878,279675,,,,,4.630315981,4.352973179,4.284881715,2.943494516,,,,0,0,0
7/31/2020,1,154,43151,22707,19565,879,279675,,,,,4.634990865,4.35615976,4.291479852,2.943988875,,,,0,0,0
8/1/2020,1,155,43537,22567,20087,883,286091,,,,,4.6388585,4.353473829,4.30291508,2.945960704,,,,0,0,0
8/2/2020,1,156,43841,22645,20308,888,287532,,,,,4.641880452,4.354972325,4.307667155,2.948412966,,,,0,0,0
8/3/2020,1,157,44129,22570,20663,896,289133,,,,,4.644724086,4.353531559,4.315193376,2.95230801,,,,0,0,0
8/4/2020,1,158,44433,11672,31851,910,304221,,,,,4.647705637,4.067145279,4.503123072,2.959041392,,,,0,0,0
8/5/2020,1,159,44890,11798,32165,927,304221,,,,,4.652149605,4.071808392,4.507383556,2.967079734,,,,0,0,0
8/6/2020,1,160,45244,11884,32430,930,306894,,,,,4.655560994,4.074962643,4.510946949,2.968482949,,,,0,0,0
8/7/2020,1,161,45687,12114,32637,936,310729,,,,,4.659792641,4.083287569,4.513710231,2.971275849,,,,0,0,0
8/8/2020,1,162,46140,12154,33044,942,314632,,,,,4.66407759,4.084719232,4.519092613,2.974050903,,,,0,0,0
8/9/2020,1,163,46577,12588,33044,945,317496,,,,,4.668171512,4.099956734,4.519092613,2.975431809,,,,0,0,0
8/10/2020,1,164,46867,12571,33346,950,319851,,,,,4.670867155,4.099369826,4.523043746,2.977723605,,,,0,0,0
8/11/2020,1,165,47290,12725,33609,956,319851,,,,,4.674769314,4.104657791,4.526455591,2.980457892,,,,0,0,0
8/12/2020,1,166,47743,13178,33609,956,338084,,,,,4.678909705,4.119849503,4.526455591,2.980457892,,,,0,0,0
8/13/2020,1,167,48116,12841,34309,966,341421,,,,,4.682289516,4.108598846,4.53540806,2.984977126,,,,0,0,0
8/14/2020,1,168,48445,11474,35998,973,344397,,,,,4.68524896,4.059714846,4.556278373,2.98811284,,,,0,0,0
8/15/2020,1,169,48770,11808,35988,974,344397,,,,,4.688152756,4.072176344,4.556157712,2.988558957,,,,0,0,0
8/16/2020,1,170,49068,11596,36497,975,350589,,,,,4.690798357,4.064308207,4.562257168,2.989004616,,,,0,0,0
8/17/2020,1,171,49485,11674,36834,977,352625,,,,,4.694473575,4.067219689,4.566248884,2.989894564,,,,0,0,0
8/18/2020,1,172,49895,11863,37051,981,355196,,,,,4.698057027,4.07419453,4.568799934,2.991669007,,,,0,0,0
8/19/2020,1,173,50488,12452,37051,985,363331,,,,,4.703188167,4.095239112,4.568799934,2.99343623,,,,0,0,0
8/20/2020,1,174,50964,12403,37569,992,366244,,,,,4.707263507,4.093526744,4.574829635,2.996511672,,,,0,0,0
8/21/2020,1,175,51304,12423,37885,996,369904,,,,,4.710151227,4.094226485,4.578467292,2.998259338,,,,0,0,0
8/22/2020,1,176,51905,12141,38767,997,374077,,,,,4.715209195,4.084254459,4.588462194,2.998695158,,,,0,0,0
8/23/2020,1,177,52227,12280,38945,1002,378023,,,,,4.71789508,4.089198367,4.590451708,3.000867722,,,,0,0,0
8/24/2020,1,178,52548,12287,39257,1004,379542,,,,,4.720556191,4.089445858,4.593917108,3.001733713,,,,0,0,0
8/25/2020,1,179,52800,11829,39964,1007,383130,,,,,4.722633923,4.072948032,4.60166895,3.003029471,,,,0,0,0
8/26/2020,1,180,53021,11730,40281,1010,388346,,,,,4.724447914,4.069298012,4.605100244,3.004321374,,,,0,0,0
8/27/2020,1,181,53317,11580,40726,1011,391502,,,,,4.726865705,4.063708559,4.609871757,3.004751156,,,,0,0,0
8/28/2020,1,182,53477,11740,40726,1011,394524,,,,,4.728167036,4.069668097,4.609871757,3.004751156,,,,0,0,0
8/29/2020,1,183,53727,11402,41314,1011,398304,,,,,4.730192591,4.056981037,4.616097245,3.004751156,,,,0,0,0
8/30/2020,1,184,53865,11339,41513,1013,402070,,,,,4.731306664,4.054574755,4.618184119,3.005609445,,,,0,0,0
8/31/2020,1,185,54008,11357,41638,1013,403347,,,,,4.732458095,4.055263626,4.619489861,3.005609445,,,,0,0,0
9/1/2020,1,186,54247,11586,41638,1023,403347,,,,,4.734375726,4.063933524,4.619489861,3.009875634,,,,0,0,0
9/2/2020,1,187,54463,10997,42439,1027,411077,,,,,4.73610156,4.041274225,4.627765142,3.011570444,,,,0,0,0
9/3/2020,1,188,54587,10912,42627,1048,413265,,,,,4.737089227,4.037904357,4.629684769,3.020361283,,,,0,0,0
9/4/2020,1,189,54743,11065,42627,1051,413265,,,,,4.738328594,4.043951418,4.629684769,3.021602716,,,,0,0,0
9/5/2020,1,190,54905,11224,42627,1054,417398,,,,,4.739611896,4.050147658,4.629684769,3.022840611,,,,0,0,0
9/6/2020,1,191,55005,10935,43013,1057,420543,,,,,4.740402169,4.038818787,4.633599734,3.024074987,,,,0,0,0
9/7/2020,1,192,55160,10868,43231,1061,424186,,,,,4.741624258,4.03614963,4.635795282,3.025715384,,,,0,0,0
9/8/2020,1,193,55456,11055,43334,1067,426803,,,,,4.743948541,4.043558747,4.636828779,3.028164419,,,,0,0,0
9/9/2020,1,194,55632,10952,43610,1070,430712,,,,,4.745324673,4.039493435,4.639586087,3.029383778,,,,0,0,0
9/10/2020,1,195,55829,10944,43810,1075,433206,,,,,4.746859849,4.039176084,4.641573253,3.031408464,,,,0,0,0
9/11/2020,1,196,56017,10943,43998,1076,436231,,,,,4.748319846,4.039136399,4.643432935,3.031812271,,,,0,0,0
9/12/2020,1,197,56177,11011,44088,1078,438135,,,,,4.749558543,4.041826763,4.644320398,3.032618761,,,,0,0,0
9/13/2020,1,198,56256,11022,44152,1082,440248,,,,,4.750168849,4.042260407,4.644950381,3.034227261,,,,0,0,0
9/14/2020,1,199,56388,10968,44337,1083,442075,,,,,4.751186691,4.040127442,4.646766304,3.034628457,,,,0,0,0
9/15/2020,1,200,56478,10960,44430,1088,443987,,,,,4.751879309,4.039810554,4.647676313,3.036628895,,,,0,0,0
9/16/2020,1,201,56604,11083,44430,1091,443987,,,,,4.752847122,4.044657333,4.647676313,3.037824751,,,,0,0,0
9/17/2020,1,202,56735,7550,48092,1093,443987,,,,,4.753851059,3.877946952,4.682072838,3.038620162,,,,0,0,0
9/18/2020,1,203,56956,7770,48092,1094,472191,,,,,4.755539481,3.890421019,4.682072838,3.039017322,,,,0,0,0
9/19/2020,1,204,57145,7619,48431,1095,472191,,,,,4.756978237,3.881897974,4.685123436,3.039414119,,,,0,0,0
9/20/2020,1,205,57242,7575,48569,1098,472191,,,,,4.757714799,3.879382637,4.686359162,3.04060234,,,,0,0,0
9/21/2020,1,206,57437,7663,48674,1100,480874,,,,,4.759191748,3.884398826,4.687297038,3.041392685,,,,0,0,0
9/22/2020,1,207,57613,7677,48836,1100,480874,,,,,4.76052049,3.885191541,4.688740085,3.041392685,,,,0,0,0
9/23/2020,1,208,57724,7637,48985,1102,484051,,,,,4.761356418,3.882922791,4.690063112,3.042181595,,,,0,0,0
9/24/2020,1,209,57849,7762,48985,1102,484051,,,,,4.762295856,3.889973638,4.690063112,3.042181595,,,,0,0,0
9/25/2020,1,210,58062,7974,48985,1103,494577,,,,,4.763891991,3.901676231,4.690063112,3.042575512,,,,0,0,0
9/26/2020,1,211,58198,7370,49722,1106,502545,,,,,4.76490806,3.867467488,4.696548589,3.043755127,,,,0,0,0
9/27/2020,1,212,58324,7422,49794,1108,502545,,,,,4.765847301,3.87052095,4.697177015,3.04453976,,,,0,0,0
9/28/2020,1,213,58460,7454,49895,1111,507006,,,,,4.766858811,3.872389388,4.698057027,3.045714059,,,,0,0,0
9/29/2020,1,214,58647,7599,49937,1111,509555,,,,,4.768245801,3.880756445,4.698422448,3.045714059,,,,0,0,0
9/30/2020,1,215,58848,7799,49937,1112,509555,,,,,4.769731708,3.89203892,4.698422448,3.046104787,,,,0,0,0
10/1/2020,1,216,59001,7437,50452,1112,509555,,,,,4.770859373,3.871397781,4.702878387,3.046104787,,,,0,0,0
10/2/2020,1,217,59127,7422,50593,1112,509555,,,,,4.771785844,3.87052095,4.704090432,3.046104787,,,,0,0,0
10/3/2020,1,218,59287,7456,50718,1113,520797,,,,,4.772959475,3.872505899,4.705162119,3.046495164,,,,0,0,0
10/4/2020,1,219,59345,7464,50768,1113,532765,,,,,4.773384134,3.872971631,4.705590055,3.046495164,,,,0,0,0
10/5/2020,1,220,59465,7401,50951,1113,536695,,,,,4.774261423,3.869290404,4.707152712,3.046495164,,,,0,0,0
10/6/2020,1,221,59583,7162,51308,1113,536695,,,,,4.775122366,3.855034317,4.710185086,3.046495164,,,,0,0,0
10/7/2020,1,222,59738,7222,51403,1113,543415,,,,,4.776250679,3.858657484,4.710988466,3.046495164,,,,0,0,0
10/8/2020,1,223,59841,7177,51551,1113,545364,,,,,4.776998842,3.855942946,4.712237094,3.046495164,,,,0,0,0
10/9/2020,1,224,59992,7265,51614,1113,545364,,,,,4.778093341,3.861235619,4.712767517,3.046495164,,,,0,0,0
10/10/2020,1,225,60103,7277,51711,1115,551362,,,,,4.77889615,3.861952375,4.713582936,3.047274867,,,,0,0,0
10/11/2020,1,226,60266,7416,51735,1115,553037,,,,,4.780072367,3.870169721,4.713784453,3.047274867,,,,0,0,0
10/12/2020,1,227,60430,7370,51945,1115,554006,,,,,4.781252594,3.867467488,4.715543751,3.047274867,,,,0,0,0
10/13/2020,1,228,60655,7533,52006,1116,558313,,,,,4.782866607,3.876967967,4.716053452,3.047664195,,,,0,0,0
10/14/2020,1,229,60834,7575,52143,1116,564936,,,,,4.784146373,3.879382637,4.717196014,3.047664195,,,,0,0,0
10/15/2020,1,230,60982,7672,52194,1116,567857,,,,,4.785201664,3.884908594,4.717620581,3.047664195,,,,0,0,0
10/16/2020,1,231,61194,7771,52304,1119,572705,,,,,4.786708842,3.890476909,4.718534903,3.048830087,,,,0,0,0
10/17/2020,1,232,61307,3627,56557,1123,576184,,,,,4.787510065,3.559547556,4.752486365,3.050379756,,,,0,0,0
10/18/2020,1,233,61440,3704,56611,1125,578841,,,,,4.788451207,3.568670978,4.752900827,3.051152522,,,,0,0,0
10/19/2020,1,234,61558,3736,56697,1125,578841,,,,,4.789284501,3.572406868,4.75356008,3.051152522,,,,0,0,0
10/20/2020,1,235,61630,3808,56697,1125,590635,,,,,4.789792168,3.58069694,4.75356008,3.051152522,,,,0,0,0
10/21/2020,1,236,61667,3845,56697,1125,595283,,,,,4.790052821,3.584896344,4.75356008,3.051152522,,,,0,0,0
10/22/2020,1,237,61805,3981,56697,1127,595283,,,,,4.791023611,3.599992178,4.75356008,3.051923916,,,,0,0,0
10/23/2020,1,238,61882,4056,56697,1129,602239,,,,,4.791564341,3.608097946,4.75356008,3.052693942,,,,0,0,0
10/24/2020,1,239,61930,3516,57285,1129,602239,,,,,4.79190108,3.546048866,4.758040917,3.052693942,,,,0,0,0
10/25/2020,1,240,61992,3397,57465,1130,603611,,,,,4.792335648,3.531095547,4.759403411,3.053078443,,,,0,0,0
10/26/2020,1,241,62111,3408,57571,1132,612154,,,,,4.793168522,3.532499586,4.760203773,3.053846427,,,,0,0,0
10/27/2020,1,242,62224,3173,57916,1135,614480,,,,,4.793957926,3.501470072,4.762798559,3.054995862,,,,0,0,0
10/28/2020,1,243,62371,3137,58095,1139,617750,,,,,4.794982707,3.496514519,4.764138756,3.056523724,,,,0,0,0
10/29/2020,1,244,62521,3131,58249,1141,620758,,,,,4.796025916,3.495683068,4.765288474,3.057285644,,,,0,0,0
10/30/2020,1,245,62691,3117,58430,1144,620758,,,,,4.797205197,3.493736802,4.766635886,3.058426024,,,,0,0,0
10/31/2020,1,246,62853,3034,58675,1144,625510,,,,,4.798326012,3.482015576,4.768453098,3.058426024,,,,0,0,0
11/1/2020,1,247,62964,3028,58790,1146,627600,,,,,4.79909231,3.481155871,4.76930346,3.059184618,,,,0,0,0
11/2/2020,1,248,63036,2561,59328,1147,627600,,,,,4.799588647,3.408409578,4.773259708,3.059563418,,,,0,0,0
11/3/2020,1,249,63173,2388,59634,1151,627600,,,,,4.800531501,3.378034322,4.775493941,3.061075324,,,,0,0,0
11/4/2020,1,250,63328,2498,59675,1155,668729,,,,,4.801595773,3.397592434,4.775792428,3.062581984,,,,0,0,0
11/5/2020,1,251,63508,2605,59748,1155,673183,,,,,4.802828436,3.415807728,4.776323372,3.062581984,,,,0,0,0
11/6/2020,1,252,63731,2732,59844,1155,673183,,,,,4.804350733,3.436480695,4.777020614,3.062581984,,,,0,0,0
11/7/2020,1,253,63790,2751,59884,1155,681599,,,,,4.804752602,3.43949059,4.777310802,3.062581984,,,,0,0,0
11/8/2020,1,254,64090,3025,59910,1155,686395,,,,,4.806790272,3.480725379,4.77749932,3.062581984,,,,0,0,0
11/9/2020,1,255,64184,2957,60069,1158,687952,,,,,4.807426779,3.470851325,4.778650402,3.063708559,,,,0,0,0
11/10/2020,1,256,64336,2843,60333,1160,687952,,,,,4.808454056,3.45377686,4.780554921,3.064457989,,,,0,0,0
11/11/2020,1,257,64516,2617,60737,1162,687952,,,,,4.809667433,3.417803723,4.783453337,3.065206128,,,,0,0,0
11/12/2020,1,258,64728,2776,60790,1162,697544,,,,,4.811092188,3.443419462,4.783832143,3.065206128,,,,0,0,0
11/13/2020,1,259,64884,2785,60936,1163,697544,,,,,4.812137616,3.4448252,4.784873943,3.065579715,,,,0,0,0
11/14/2020,1,260,64996,2804,61029,1163,705809,,,,,4.81288663,3.447778009,4.785536254,3.065579715,,,,0,0,0
11/15/2020,1,261,65148,2912,61073,1163,705809,,,,,4.813901088,3.464191371,4.785849254,3.065579715,,,,0,0,0
11/16/2020,1,262,65305,2980,61162,1163,705809,,,,,4.814946434,3.474216264,4.786481678,3.065579715,,,,0,0,0
11/17/2020,1,263,65457,2957,61337,1163,705809,,,,,4.815956097,3.470851325,4.787722531,3.065579715,,,,0,0,0
11/18/2020,1,264,65693,3073,61457,1163,721516,,,,,4.817519095,3.48756256,4.788571357,3.065579715,,,,0,0,0
11/19/2020,1,265,65839,3101,61573,1165,724794,,,,,4.818483226,3.491501766,4.789390314,3.066325925,,,,0,0,0
11/20/2020,1,266,65982,3035,61782,1165,728128,,,,,4.819425475,3.482158695,4.790861963,3.066325925,,,,0,0,0
11/21/2020,1,267,66228,3178,61884,1166,739216,,,,,4.82104164,3.502153893,4.791578377,3.06669855,,,,0,0,0
11/22/2020,1,268,66383,3140,62076,1167,743298,,,,,4.822056875,3.496929648,4.792923724,3.067070856,,,,0,0,0
11/23/2020,1,269,66439,3030,62241,1168,743298,,,,,4.822423087,3.481442629,4.794076562,3.067442843,,,,0,0,0
11/24/2020,1,270,66607,3127,62311,1169,749136,,,,,4.823519873,3.495127881,4.794564721,3.067814511,,,,0,0,0
11/25/2020,1,271,66805,3143,62493,1169,749136,,,,,4.824808968,3.497344381,4.795831374,3.067814511,,,,0,0,0
11/26/2020,1,272,66974,3220,62585,1169,756237,,,,,4.825906238,3.507855872,4.796470257,3.067814511,,,,0,0,0
11/27/2020,1,273,67220,3363,62686,1171,756237,,,,,4.827498508,3.526726867,4.797170558,3.068556895,,,,0,0,0
11/28/2020,1,274,67330,3340,62819,1171,756237,,,,,4.828208614,3.523746467,4.798091019,3.068556895,,,,0,0,0
11/29/2020,1,275,67412,3184,63055,1173,756237,,,,,4.828737212,3.502973059,4.79971953,3.069298012,,,,0,0,0
11/30/2020,1,276,67557,3329,63055,1173,756237,,,,,4.829670356,3.522313795,4.79971953,3.069298012,,,,0,0,0
12/1/2020,1,277,67838,3232,63430,1176,779708,,,,,4.831473036,3.509471352,4.802294711,3.070407322,,,,0,0,0
12/2/2020,1,278,67960,2944,63839,1177,779708,,,,,4.83225337,3.468937806,4.805086075,3.070776463,,,,0,0,0
12/3/2020,1,279,68303,2833,64291,1179,779708,,,,,4.834439779,3.452246575,4.808150181,3.071513805,,,,0,0,0
12/4/2020,1,280,68627,2981,64467,1179,791539,,,,,4.836495014,3.474361976,4.809337461,3.071513805,,,,0,0,0
12/5/2020,1,281,68937,3107,64650,1180,791539,,,,,4.83845238,3.492341253,4.810568529,3.071882007,,,,0,0,0
12/6/2020,1,282,69255,3301,64774,1180,791539,,,,,4.840451134,3.518645524,4.811400717,3.071882007,,,,0,0,0
12/7/2020,1,283,69645,3517,64947,1181,803621,,,,,4.842889943,3.546172368,4.812559095,3.072249898,,,,0,0,0
12/8/2020,1,284,70195,3903,65110,1182,817913,,,,,4.846306178,3.591398551,4.813647695,3.072617477,,,,0,0,0
12/9/2020,1,285,70669,4243,65242,1184,822231,,,,,4.849228946,3.627673032,4.814527266,3.073351702,,,,0,0,0
12/10/2020,1,286,71344,4680,65474,1190,829743,,,,,4.853357455,3.670245853,4.816068874,3.075546961,,,,0,0,0
12/11/2020,1,287,72140,5228,65722,1190,833755,,,,,4.858176138,3.718335579,4.817710771,3.075546961,,,,0,0,0
12/12/2020,1,288,72757,5713,65850,1194,838333,,,,,4.861874783,3.756864224,4.818555779,3.077004327,,,,0,0,0
12/13/2020,1,289,73175,5888,66090,1197,845458,,,,,4.864362731,3.769967801,4.820135752,3.07809415,,,,0,0,0
12/14/2020,1,290,73374,5863,66314,1197,848194,,,,,4.865542195,3.768119894,4.821605225,3.07809415,,,,0,0,0
12/15/2020,1,291,74132,6438,66494,1200,848194,,,,,4.870005717,3.808750972,4.822782459,3.079181246,,,,0,0,0
12/16/2020,1,292,75062,7087,66775,1200,859357,,,,,4.875420132,3.850462433,4.824613897,3.079181246,,,,0,0,0
12/17/2020,1,293,76207,7896,67110,1201,864104,,,,,4.881994865,3.89740714,4.826787239,3.079543007,,,,0,0,0
12/18/2020,1,294,77013,8317,67484,1212,869362,,,,,4.886564041,3.919966701,4.829200817,3.08350262,,,,0,0,0
12/19/2020,1,295,77933,8931,67784,1218,874617,,,,,4.891721395,3.950900089,4.831127193,3.085647288,,,,0,0,0
12/20/2020,1,296,78434,8910,68303,1221,874617,,,,,4.894504364,3.949877704,4.834439779,3.086715664,,,,0,0,0
12/21/2020,1,297,78790,9080,68483,1227,893590,,,,,4.8964711,3.958085849,4.835582777,3.088844563,,,,0,0,0
12/22/2020,1,298,79789,9679,68879,1231,903800,,,,,4.901943022,3.98583049,4.838086833,3.090258053,,,,0,0,0
12/23/2020,1,299,80922,10412,69274,1236,903800,,,,,4.908066608,4.017534159,4.840570265,3.092018471,,,,0,0,0
12/24/2020,1,300,81963,11070,69651,1242,912114,,,,,4.913617846,4.044147621,4.842927356,3.094121596,,,,0,0,0
12/25/2020,1,301,82747,11262,70239,1246,912114,,,,,4.917752257,4.051615523,4.84657832,3.095518042,,,,0,0,0
12/26/2020,1,302,83576,11834,70495,1247,925215,,,,,4.922081582,4.073131565,4.848158315,3.095866453,,,,0,0,0
12/27/2020,1,303,84414,12126,71034,1254,925215,,,,,4.92641448,4.083717564,4.851466271,3.098297536,,,,0,0,0
12/28/2020,1,304,84811,12190,71357,1264,932327,,,,,4.928452184,4.086003706,4.853436583,3.101747074,,,,0,0,0
12/29/2020,1,305,85560,12356,71937,1267,937712,,,,,4.932270776,4.0918779,4.856952322,3.102776615,,,,0,0,0
12/30/2020,1,306,86576,11976,73322,1278,938602,,,,,4.937397517,4.078311787,4.865234303,3.106530854,,,,0,0,0
12/31/2020,1,307,87607,12605,73713,1289,948048,,,,,4.942538809,4.10054285,4.867544087,3.110252917,,,,0,0,0
1/1/2021,1,308,88587,12920,74373,1294,948048,,,,,4.947369995,4.111262514,4.8714153,3.111934276,,,,0,0,0
1/2/2021,1,309,89163,13072,74789,1302,952975,,,,,4.950184672,4.116342039,4.873837726,3.114610984,,,,0,0,0
1/3/2021,1,310,90080,13725,75044,1311,955429,,,,,4.954628378,4.137512353,4.875315975,3.117602692,,,,0,0,0
1/4/2021,1,311,91351,14334,75699,1318,958911,,,,,4.960713306,4.1563674,4.879090142,3.11991541,,,,0,0,0
1/5/2021,1,312,92705,14990,76396,1319,980046,,,,,4.967103158,4.175801633,4.88307062,3.120244796,,,,0,0,0
1/6/2021,1,313,94369,15816,77229,1324,980046,,,,,4.974829353,4.199096656,4.887780411,3.121887985,,,,0,0,0
1/7/2021,1,314,95934,16622,77982,1330,1004915,,,,,4.981972553,4.220683278,4.891994369,3.123851641,,,,0,0,0
1/8/2021,1,315,97478,17584,78552,1342,1011584,,,,,4.98890661,4.245117675,4.895157247,3.127752516,,,,0,0,0
1/9/2021,1,316,99063,18296,79417,1350,1018061,,,,,4.995911476,4.262356152,4.899913477,3.130333768,,,,0,0,0
1/10/2021,1,317,100087,18699,80030,1358,1025560,,,,,5.000377672,4.271818382,4.903252817,3.13289977,,,,0,0,0
1/11/2021,1,318,101331,19479,80491,1361,1033858,,,,,5.005742329,4.289566658,4.905747323,3.133858125,,,,0,0,0
1/12/2021,1,319,102601,19654,81574,1373,1033858,,,,,5.011151594,4.293450952,4.911551759,3.137670537,,,,0,0,0
1/13/2021,1,320,103999,20062,82555,1382,1033858,,,,,5.017029163,4.302374226,4.916743382,3.140508043,,,,0,0,0
1/14/2021,1,321,105478,20243,83830,1405,1135535,,,,,5.023161886,4.306274875,4.923399466,3.147676324,,,,0,0,0
1/15/2021,1,322,107345,21397,84535,1413,1141147,,,,,5.03078182,4.330352887,4.927036557,3.150142162,,,,0,0,0
1/16/2021,1,323,108943,22156,85367,1420,1147523,,,,,5.03719933,4.345491356,4.93129002,3.152288344,,,,0,0,0
1/17/2021,1,324,110387,19635,89317,1435,1154138,,,,,5.042917931,4.293030906,4.950934127,3.156851901,,,,0,0,0
1/18/2021,1,325,112004,20616,89939,1449,1172234,,,,,5.049233533,4.314204406,4.953948054,3.161068385,,,,0,0,0
1/19/2021,1,326,113305,20641,91200,1464,1191866,,,,,5.054249075,4.314730734,4.959994838,3.165541077,,,,0,0,0
1/20/2021,1,327,114691,20877,92336,1478,1198758,,,,,5.059529339,4.319668091,4.965371057,3.169674434,,,,0,0,0
1/21/2021,1,328,116655,21524,93646,1485,1203113,,,,,5.066903358,4.332922983,4.971489232,3.171726454,,,,0,0,0
1/22/2021,1,329,118138,23002,93646,1490,1225179,,,,,5.072389614,4.361765599,4.971489232,3.173186268,,,,0,0,0
1/23/2021,1,330,120602,23199,95901,1502,1241230,,,,,5.08135451,4.365469265,4.981823136,3.176669933,,,,0,0,0
1/24/2021,1,331,121566,22834,97228,1504,1258534,,,,,5.084812127,4.358581997,4.987791352,3.177247836,,,,0,0,0
1/25/2021,1,332,122996,23130,98359,1507,1270523,,,,,5.089890988,4.364175633,4.992814105,3.178113252,,,,0,0,0
1/26/2021,1,333,124299,23501,99276,1522,1270523,,,,,5.094467635,4.371086342,4.99684427,3.182414652,,,,0,0,0
1/27/2021,1,334,126160,24251,100365,1544,1270523,,,,,5.10092168,4.384729652,5.001582289,3.188647296,,,,0,0,0
1/28/2021,1,335,127560,24499,101511,1550,1270523,,,,,5.105714511,4.389148358,5.006513106,3.190331698,,,,0,0,0
1/29/2021,1,336,128674,24317,102780,1577,1270523,,,,,5.109490802,4.385909995,5.011908613,3.197831693,,,,0,0,0
1/30/2021,1,337,130557,26199,102780,1578,1270523,,,,,5.115800162,4.418284715,5.011908613,3.198106999,,,,0,0,0
1/31/2021,1,338,131242,24667,104989,1586,1302410,,,,,5.11807284,4.392116334,5.021143799,3.200303183,,,,0,0,0
2/1/2021,1,339,131918,24036,106275,1607,1302410,,,,,5.120304058,4.380862195,5.026431114,3.206015877,,,,0,0,0
2/2/2021,1,340,133552,24388,107551,1613,1302410,,,,,5.125650396,4.387176186,5.031614453,3.207634367,,,,0,0,0
2/3/2021,1,341,134690,24415,108657,1618,1302410,,,,,5.129335353,4.387656729,5.03605771,3.208978517,,,,0,0,0
2/4/2021,1,342,136030,23949,110449,1632,1302410,,,,,5.133634698,4.379287384,5.043161788,3.212720154,,,,0,0,0
2/5/2021,1,343,137654,24374,111639,1641,1302410,,,,,5.138788836,4.386926807,5.047815938,3.215108581,,,,0,0,0
2/6/2021,1,344,139242,25038,112557,1647,1302410,,,,,5.143770253,4.398599635,5.051372509,3.216693599,,,,0,0,0
2/7/2021,1,345,139748,24556,113525,1667,1302410,,,,,5.145345601,4.390157625,5.055091511,3.2219356,,,,0,0,0
2/8/2021,1,346,140391,24083,114635,1673,1398630,,,,,5.147339268,4.381710586,5.059317235,3.223495941,,,,0,0,0
2/9/2021,1,347,141447,23998,115755,1694,1398630,,,,,5.150593741,4.380175049,5.063539759,3.228913406,,,,0,0,0
2/10/2021,1,348,142578,23929,116947,1702,1398630,,,,,5.154052518,4.37892455,5.067989085,3.230959556,,,,0,0,0
2/11/2021,1,349,143516,23794,118012,1710,1398630,,,,,5.156900321,4.376467457,5.071926171,3.23299611,,,,0,0,0
2/12/2021,1,350,144521,23921,118866,1734,1398630,,,,,5.159930958,4.378779331,5.075057648,3.239049093,,,,0,0,0
2/13/2021,1,351,145664,23518,120399,1747,1398630,,,,,5.163352232,4.371400386,5.08062288,3.242292905,,,,0,0,0
2/14/2021,1,352,146184,23594,120838,1752,1398630,,,,,5.164899841,4.372801575,5.082203529,3.243534102,,,,0,0,0
2/15/2021,1,353,146928,22158,123009,1761,1441013,,,,,5.167104567,4.345530558,5.089936888,3.245759356,,,,0,0,0
2/16/2021,1,354,148296,22036,124483,1777,1441013,,,,,5.171129437,4.343132764,5.095110046,3.249687428,,,,0,0,0
2/17/2021,1,355,149369,21860,125722,1787,1441013,,,,,5.174260473,4.339650158,5.099411281,3.252124553,,,,0,0,0
2/18/2021,1,356,150246,22026,126417,1803,1441013,,,,,5.176802919,4.342935635,5.10180548,3.255995727,,,,0,0,0
2/19/2021,1,357,150908,21595,127500,1813,1441013,,,,,5.178712263,4.334353208,5.105510185,3.258397804,,,,0,0,0
2/20/2021,1,358,151553,21717,128005,1831,1441013,,,,,5.180564538,4.336799831,5.107226934,3.262688344,,,,0,0,0
2/21/2021,1,359,152074,22230,128005,1839,1441013,,,,,5.182054969,4.346939463,5.107226934,3.264581729,,,,0,0,0
2/22/2021,1,360,152616,21454,129300,1862,1489103,,,,,5.183600067,4.331508276,5.111598525,3.269979677,,,,0,0,0
2/23/2021,1,361,153187,21370,129943,1874,1489103,,,,,5.185221911,4.329804522,5.113752889,3.272769587,,,,0,0,0
2/24/2021,1,362,153842,21139,130818,1885,1489103,,,,,5.187074917,4.325084439,5.116667505,3.275311355,,,,0,0,0
2/25/2021,1,363,154476,20886,131699,1891,1489103,,,,,5.188861015,4.319855274,5.119582477,3.276691529,,,,0,0,0
2/26/2021,1,364,155076,20630,132544,1902,1489103,,,,,5.19054459,4.314499228,5.122360073,3.279210513,,,,0,0,0
2/27/2021,1,365,155417,20968,132544,1905,1489103,,,,,5.191498522,4.321557008,5.122360073,3.27989498,,,,0,0,0
2/28/2021,1,366,155657,19981,133768,1908,1489103,,,,,5.192168656,4.30061722,5.126352234,3.28057837,,,,0,0,0
3/1/2021,1,367,156017,20334,133768,1915,1544008,,,,,5.193171923,4.308222819,5.126352234,3.282168778,,,,0,0,0
3/2/2021,1,368,156496,20022,134551,1923,1544008,,,,,5.194503242,4.301507457,5.12888693,3.283979284,,,,0,0,0
3/3/2021,1,369,156963,19193,135831,1939,1544008,,,,,5.195797291,4.283142863,5.132998898,3.287577809,,,,0,0,0
3/4/2021,1,370,157671,19385,136335,1951,1544008,,,0,,5.197751822,4.287465805,5.134607362,3.290257269,,,,0,0,0
3/5/2021,1,371,158042,19753,136335,1954,1544008,2,,0,,5.198772517,4.295633064,5.134607362,3.290924559,0.301029996,,,9.21659E-09,0,0
3/6/2021,1,372,158237,18628,137645,1964,1544008,2,,0,,5.199308041,4.270166229,5.13876044,3.293141483,0.301029996,,,9.21659E-09,0,0
3/7/2021,1,373,158506,18662,137875,1969,1544008,2,,0,,5.200045706,4.270958185,5.139485525,3.294245716,0.301029996,,,9.21659E-09,0,0
3/8/2021,1,374,158906,18422,138502,1982,1601396,2,,0,,5.201140296,4.265336778,5.141456045,3.29710365,0.301029996,,,9.21659E-09,0,0
3/9/2021,1,375,159252,18762,138502,1988,1601396,2,,0,,5.202084895,4.273279132,5.141456045,3.29841638,0.301029996,,,9.21659E-09,0,0
3/10/2021,1,376,159646,17670,139983,1993,1601396,2,,0,,5.203158042,4.24723655,5.146075297,3.299507299,0.301029996,,,9.21659E-09,0,0
3/11/2021,1,377,159933,15528,142404,2001,1601396,2,,0,,5.203938084,4.191115522,5.153522188,3.301247089,0.301029996,,,9.21659E-09,0,0
3/12/2021,1,378,160332,14264,144059,2009,1601396,2,,0,,5.20502021,4.15424133,5.158540396,3.302979937,0.301029996,,,9.21659E-09,0,0
3/13/2021,1,379,160537,13810,144714,2013,1601396,2,,0,,5.205575143,4.140193679,5.160510548,3.303843775,0.301029996,,,9.21659E-09,0,0
3/14/2021,1,380,160657,13245,145399,2013,1601396,2,,0,,5.205899653,4.122051963,5.16256142,3.303843775,0.301029996,,,9.21659E-09,0,0
3/15/2021,1,381,160895,13127,145752,2016,1684305,8000,,8000,,5.206542548,4.118165485,5.163614523,3.304490528,3.903089987,,,3.68664E-05,0,3.68664E-05
3/16/2021,1,382,161074,12984,146072,2018,1684305,8000,,8000,,5.207025444,4.113408507,5.164566976,3.304921162,3.903089987,,,3.68664E-05,0,3.68664E-05
3/17/2021,1,383,161261,12839,146395,2027,1684305,8000,,8000,,5.207529349,4.108531199,5.165526244,3.306853749,3.903089987,,,3.68664E-05,0,3.68664E-05
3/18/2021,1,384,161409,12987,146395,2027,1684305,8000,,8000,,5.207927747,4.113508841,5.165526244,3.306853749,3.903089987,,,3.68664E-05,0,3.68664E-05
3/19/2021,1,385,161539,11973,147539,2027,1684305,8000,,8000,,5.20827739,4.078202983,5.168906836,3.306853749,3.903089987,,,3.68664E-05,0,3.68664E-05
3/20/2021,1,386,161651,11846,147775,2030,1684305,8000,,8000,,5.208578396,4.073571728,5.169600968,3.307496038,3.903089987,,,3.68664E-05,0,3.68664E-05
3/21/2021,1,387,161737,11808,147899,2030,1684305,8000,,8000,,5.208809383,4.072176344,5.169965238,3.307496038,3.903089987,,,3.68664E-05,0,3.68664E-05
3/22/2021,1,388,161868,11713,148125,2030,1727467,8000,,8000,,5.209161001,4.068668143,5.170628363,3.307496038,3.903089987,,,3.68664E-05,0,3.68664E-05
3/23/2021,1,389,162076,11515,148530,2031,1727467,8000,,8000,,5.20971871,4.061263942,5.171814181,3.307709923,3.903089987,,,3.68664E-05,0,3.68664E-05
3/24/2021,1,390,162178,11421,148726,2031,1727467,277458,,277458,,5.20999194,4.057704132,5.172386898,3.307709923,5.443197251,,,0.001278608,0,0.001278608
3/25/2021,1,391,162275,10357,149882,2036,1727467,277458,,277458,,5.210251618,4.015233976,5.17574948,3.308777774,5.443197251,,,0.001278608,0,0.001278608
3/26/2021,1,392,162388,10363,149986,2039,1727467,277458,,277458,,5.210553933,4.015485498,5.176050723,3.309417226,5.443197251,,,0.001278608,0,0.001278608
3/27/2021,1,393,162489,10243,150205,2041,1727467,277458,,277458,,5.210823966,4.010427173,5.17668439,3.309843005,5.443197251,,,0.001278608,0,0.001278608
3/28/2021,1,394,162593,10237,150308,2048,1727467,513626,,513626,,5.211101844,4.010172703,5.176982096,3.311329952,5.710647,,,0.00236694,0,0.00236694
3/29/2021,1,395,162641,10126,150466,2049,1767694,277458,,513626,,5.211230036,4.005437923,5.177438376,3.311541958,5.443197251,,,0.001278608,0,0.00236694
3/30/2021,1,396,162762,9174,151532,2056,1767694,277458,,513626,,5.211553018,3.962558736,5.180504355,3.31302311,5.443197251,,,0.001278608,0,0.00236694
3/31/2021,1,397,162891,9302,151532,2057,1767694,718412,,718412,,5.211897089,3.968576335,5.180504355,3.313234292,5.856373578,,,0.003310654,0,0.003310654
4/1/2021,1,398,162997,9231,151708,2058,1767694,818865,,818865,,5.212179611,3.965248751,5.181008483,3.31344537,5.913212309,,,0.003773571,0,0.003773571
4/2/2021,1,399,163063,9170,151835,2058,1767694,818865,,818865,,5.212355428,3.962369336,5.181371894,3.31344537,5.913212309,,,0.003773571,0,0.003773571
4/3/2021,1,400,163113,9202,151853,2058,1767694,818865,,818865,,5.212488575,3.963882229,5.181423376,3.31344537,5.913212309,,,0.003773571,0,0.003773571
4/4/2021,1,401,163195,9139,151998,2058,1767694,818865,,818865,,5.212706849,3.960898677,5.181837874,3.31344537,5.913212309,,,0.003773571,0,0.003773571
4/5/2021,1,402,163330,9227,152045,2058,1803177,818865,,818865,,5.213065962,3.965060521,5.181972143,3.31344537,5.913212309,,,0.003773571,0,0.003773571
4/6/2021,1,403,163388,7700,153630,2058,1803177,964387,,964387,,5.213220157,3.886490725,5.186476031,3.31344537,5.984251347,,,0.00444418,0,0.00444418
4/7/2021,1,404,163440,7594,153788,2058,1803177,964387,,964387,,5.213358354,3.880470593,5.186922449,3.31344537,5.984251347,,,0.00444418,0,0.00444418
4/8/2021,1,405,163581,7518,154005,2058,1803177,964387,,964387,,5.213732859,3.876102321,5.187534821,3.31344537,5.984251347,,,0.00444418,0,0.00444418
4/9/2021,1,406,163652,7520,154073,2059,1803177,964387,,964387,,5.213921317,3.876217841,5.187726539,3.313656347,5.984251347,,,0.00444418,0,0.00444418
4/10/2021,1,407,163736,7578,154098,2060,1803177,964387,,964387,,5.214144177,3.879554601,5.187797002,3.31386722,5.984251347,,,0.00444418,0,0.00444418
4/11/2021,1,408,163793,7626,154107,2060,1803177,964387,,964387,,5.214295337,3.882296801,5.187822366,3.31386722,5.984251347,,,0.00444418,0,0.00444418
4/12/2021,1,409,163837,7599,154177,2061,1838174,964387,,964387,,5.214411987,3.880756445,5.188019591,3.314077992,5.984251347,,,0.00444418,0,0.00444418
4/13/2021,1,410,163911,7625,154225,2061,1838174,964387,,964387,,5.2146081,3.882239848,5.188154779,3.314077992,5.984251347,,,0.00444418,0,0.00444418
4/14/2021,1,411,164000,7669,154270,2061,1838174,1043737,,1043737,,5.214843848,3.884738738,5.18828148,3.314077992,6.018591079,,,0.004809848,0,0.004809848
4/15/2021,1,412,164080,7734,154285,2061,1838174,1051096,,1051096,,5.215055647,3.888404168,5.188323705,3.314077992,6.021642383,,,0.00484376,0,0.00484376
4/16/2021,1,413,164147,7782,154304,2061,1838174,1081548,,1081548,,5.21523295,3.891091226,5.188377184,3.314077992,6.034045799,,,0.004984092,0,0.004984092
4/17/2021,1,414,164207,7821,154325,2061,1838174,1081548,,1081548,,5.215391667,3.893262286,5.188436286,3.314077992,6.034045799,,,0.004984092,0,0.004984092
4/18/2021,1,415,164233,7840,154332,2061,1838174,1096727,,1096727,,5.215460426,3.894316063,5.188455984,3.314077992,6.040098535,,,0.005054041,0,0.005054041
4/19/2021,1,416,164303,7910,154332,2061,1870915,1101827,,1101827,,5.215645493,3.898176483,5.188455984,3.314077992,6.04211341,,,0.005077544,0,0.005077544
4/20/2021,1,417,164423,8030,154332,2061,1870915,1114408,,1114408,,5.215962568,3.904715545,5.188455984,3.314077992,6.047044221,,,0.005135521,0,0.005135521
4/21/2021,1,418,164488,7986,154441,2061,1870915,1133325,,1133325,,5.21613422,3.902329306,5.188762605,3.314077992,6.054354469,,,0.005222696,0,0.005222696
4/22/2021,1,419,164588,7949,154578,2061,1870915,1148168,,1148168,,5.216398168,3.900312497,5.189147684,3.314077992,6.060005439,,,0.005291097,0,0.005291097
4/23/2021,1,420,164633,7929,154643,2061,1870915,1158582,,1158582,,5.216516892,3.899218418,5.189330266,3.314077992,6.063926777,,,0.005339088,0,0.005339088
4/24/2021,1,421,164684,7936,154687,2061,1870915,1167837,,1167837,,5.216651407,3.899601659,5.189453817,3.314077992,6.067382231,,,0.005381737,0,0.005381737
4/25/2021,1,422,164719,7731,154926,2062,1870915,1171515,,1171515,,5.216743697,3.888235673,5.190124308,3.314288661,6.068747854,,,0.005398687,0,0.005398687
4/26/2021,1,423,164756,7731,154963,2062,1912628,1175285,,1175285,,5.216841239,3.888235673,5.190228015,3.314288661,6.070143193,,,0.00541606,0,0.00541606
4/27/2021,1,424,164912,7837,155012,2063,1912628,1181941,,1181941,,5.217252259,3.894149847,5.19036532,3.314499228,6.072595798,,,0.005446733,0,0.005446733
4/28/2021,1,425,164993,7909,155021,2063,1912628,1191563,,1191563,,5.217465519,3.898121576,5.190390534,3.314499228,6.076117009,,,0.005491074,0,0.005491074
4/29/2021,1,426,165055,7951,155041,2063,1912628,1191563,,1191563,,5.217628685,3.900421753,5.190446561,3.314499228,6.076117009,,,0.005491074,0,0.005491074
4/30/2021,1,427,165110,7946,155101,2063,1912628,1191563,,1191563,,5.217773377,3.900148561,5.190614598,3.314499228,6.076117009,,,0.005491074,0,0.005491074
5/1/2021,1,428,165153,7981,155109,2063,1912628,1222109,,1222109,,5.217886467,3.902057311,5.190636998,3.314499228,6.087109942,,,0.005631839,0,0.005631839
5/2/2021,1,429,165167,7743,155361,2063,1912628,1229733,,1229733,,5.217923281,3.888909259,5.191342008,3.314499228,6.089810828,,,0.005666972,0,0.005666972
5/3/2021,1,430,165199,7765,155371,2063,1939165,1236815,,1236815,,5.218007414,3.89014146,5.191369961,3.314499228,6.092304744,,,0.005699608,0,0.005699608
5/4/2021,1,431,165215,7781,155371,2063,1939165,1246845,,1246845,,5.218049475,3.891035415,5.191369961,3.314499228,6.095812468,,,0.005745829,0,0.005745829
5/5/2021,1,432,165273,7805,155403,2065,1939165,1266742,,1266742,,5.21820191,3.892372907,5.191459398,3.314920056,6.10268817,,,0.005837521,0,0.005837521
5/6/2021,1,433,165301,7812,155424,2065,1939165,1289773,,1289773,,5.218275481,3.892762235,5.191518082,3.314920056,6.110513281,,,0.005943654,0,0.005943654
5/7/2021,1,434,165340,7821,155454,2065,1939165,1615787,,1615787,,5.218377933,3.893262286,5.191601901,3.314920056,6.20838411,,,0.007446023,0,0.007446023
5/8/2021,1,435,165370,7055,156250,2065,1939165,1653292,,1653292,,5.218456726,3.848497018,5.193820026,3.314920056,6.218349564,,,0.007618857,0,0.007618857
5/9/2021,1,436,165419,7057,156297,2065,1939165,1665698,,1665698,,5.218585391,3.848620117,5.193950642,3.314920056,6.221596264,,,0.007676028,0,0.007676028
5/10/2021,1,437,165468,7085,156318,2065,1977479,1697243,,1697243,,5.218714018,3.850339855,5.19400899,3.314920056,6.229744026,,,0.007821396,0,0.007821396
5/11/2021,1,438,165515,7092,156358,2065,1977479,1713306,,1713306,,5.218837358,3.850768727,5.194120107,3.314920056,6.233834936,,,0.007895419,0,0.007895419
5/12/2021,1,439,165559,7119,156374,2066,1977479,1748242,,1748242,,5.218952795,3.852418993,5.194164545,3.315130317,6.24260155,,,0.008056415,0,0.008056415
5/13/2021,1,440,165612,7159,156387,2066,1977479,1763552,,1763552,,5.219091802,3.854852362,5.194200649,3.315130317,6.24638827,,,0.008126968,0,0.008126968
5/14/2021,1,441,165661,7196,156399,2066,1977479,1767488,,1767488,,5.219220279,3.857091155,5.194233972,3.315130317,6.247356474,,,0.008145106,0,0.008145106
5/15/2021,1,442,165702,7224,156412,2066,1977479,1794552,,1794552,,5.21932775,3.858777737,5.194270069,3.315130317,6.253956047,,,0.008269825,0,0.008269825
5/16/2021,1,443,165709,7230,156413,2066,1977479,1811795,,1811795,,5.219346096,3.859138297,5.194272846,3.315130317,6.258109057,,,0.008349286,0,0.008349286
5/17/2021,1,444,165778,7296,156415,2067,2002653,1823095,,1823095,,5.219526896,3.863084825,5.194278399,3.315340477,6.2608093,,,0.008401359,0,0.008401359
5/18/2021,1,445,165809,7322,156420,2067,2002653,1842437,,1842437,,5.2196081,3.864629725,5.194292282,3.315340477,6.265392647,,,0.008490493,0,0.008490493
5/19/2021,1,446,165852,7329,156456,2067,2002653,1880788,,1880788,,5.219720713,3.865044722,5.194392223,3.315340477,6.274339845,,,0.008667226,0,0.008667226
5/20/2021,1,447,165901,7375,156459,2067,2002653,1894794,,1894794,,5.219849004,3.867762025,5.19440055,3.315340477,6.277562001,,,0.00873177,0,0.00873177
5/21/2021,1,448,165944,7415,156462,2067,2002653,1911254,,1911254,,5.219961554,3.870111155,5.194408877,3.315340477,6.281318407,,,0.008807622,0,0.008807622
5/22/2021,1,449,165979,7444,156468,2067,2002653,1927141,,1927141,,5.220053144,3.871806364,5.194425531,3.315340477,6.284913491,,,0.008880834,0,0.008880834
5/23/2021,1,450,166019,7476,156476,2067,2002653,1929237,,1929237,,5.220157794,3.873669293,5.194447736,3.315340477,6.285385582,,,0.008890493,0,0.008890493
5/24/2021,1,451,166061,7502,156492,2067,2093243,1929237,,1929237,,5.220267649,3.87517706,5.194492141,3.315340477,6.285385582,,,0.008890493,0,0.008890493
5/25/2021,1,452,166098,7499,156528,2071,2093243,1930922,8815,1939737,,5.220364403,3.875003354,5.194592036,3.316180099,6.285764731,3.945222317,,0.008898258,4.06221E-05,0.00893888
5/26/2021,1,453,166146,7546,156529,2071,2093243,1938611,15259,1953870,,5.22048989,3.877716801,5.194594811,3.316180099,6.287490673,4.183526073,,0.008933691,7.0318E-05,0.009004009
5/27/2021,1,454,166191,7585,156535,2071,2093243,1945273,22162,1967435,,5.220607501,3.879955585,5.194611458,3.316180099,6.288980559,4.345608951,,0.008964392,0.000102129,0.009066521
5/28/2021,1,455,166254,7637,156546,2071,2093243,1950298,33944,1984242,,5.220772103,3.882922791,5.194641975,3.316180099,6.290100975,4.530763019,,0.008987548,0.000156424,0.009143972
5/29/2021,1,456,166285,7657,156557,2071,2093243,1952694,44220,1996914,,5.220853075,3.884058647,5.194672491,3.316180099,6.290634192,4.645618738,,0.00899859,0.000203779,0.009202369
5/30/2021,1,457,166315,7686,156558,2071,2093243,1955652,58938,2014590,,5.22093142,3.88570038,5.194675265,3.316180099,6.291291576,4.770395394,,0.009012221,0.000271604,0.009283825
5/31/2021,1,458,166518,5638,158781,2099,2133061,1956598,73465,2030063,,5.221461186,3.751125072,5.200798533,3.322012439,6.291501605,4.866080483,,0.009016581,0.000338548,0.009355129
6/1/2021,1,459,166534,4500,159935,2099,2133061,1960493,90735,2051228,,5.221502914,3.653212514,5.203943515,3.322012439,6.292365296,4.957774844,,0.00903453,0.000418134,0.009452664
6/2/2021,1,460,166560,4515,159946,2099,2133061,1961883,148258,2110141,,5.221570712,3.654657755,5.203973384,3.322012439,6.292673104,5.171018137,,0.009040935,0.000683217,0.009724152
6/3/2021,1,461,166682,2044,162521,2117,2133061,1961883,148258,2110141,,5.221888703,3.310480891,5.210909486,3.325720858,6.292673104,5.171018137,,0.009040935,0.000683217,0.009724152
6/4/2021,1,462,166730,2029,162584,2117,2133061,1964095,261670,2225765,,5.22201375,3.307282047,5.211077804,3.325720858,6.29316249,5.417753934,,0.009051129,0.001205853,0.010256982
6/5/2021,1,463,166756,1645,162994,2117,2133061,1964095,261670,2225765,,5.222081469,3.216165902,5.212171618,3.325720858,6.29316249,5.417753934,,0.009051129,0.001205853,0.010256982
6/6/2021,1,464,166767,1554,163096,2117,2133061,1964095,261670,2225765,,5.222110116,3.191451014,5.21244331,3.325720858,6.29316249,5.417753934,,0.009051129,0.001205853,0.010256982
6/7/2021,1,465,166816,1509,163190,2117,2180444,1964095,261670,2225765,,5.222237703,3.17868924,5.212693542,3.325720858,6.29316249,5.417753934,,0.009051129,0.001205853,0.010256982
6/8/2021,1,466,166918,1542,163259,2117,2180444,1964095,261670,2225765,,5.222503172,3.188084374,5.212877132,3.325720858,6.29316249,5.417753934,,0.009051129,0.001205853,0.010256982
6/9/2021,1,467,166982,1534,163331,2117,2180444,1964095,261670,2225765,,5.222669658,3.18582536,5.213068621,3.325720858,6.29316249,5.417753934,,0.009051129,0.001205853,0.010256982
6/10/2021,1,468,167027,1497,163413,2117,2180444,1964095,261670,2225765,,5.222786681,3.1752218,5.213286603,3.325720858,6.29316249,5.417753934,,0.009051129,0.001205853,0.010256982
6/11/2021,1,469,167051,1504,163430,2117,2180444,1964095,261670,2225765,,5.22284908,3.177247836,5.213331781,3.325720858,6.29316249,5.417753934,,0.009051129,0.001205853,0.010256982
6/12/2021,1,470,167059,1506,163436,2117,2180444,1964095,261670,2225765,,5.222869877,3.177824972,5.213347725,3.325720858,6.29316249,5.417753934,,0.009051129,0.001205853,0.010256982
6/13/2021,1,471,167066,1486,163463,2117,2180444,1964095,261670,2225765,,5.222888075,3.172018809,5.213419465,3.325720858,6.29316249,5.417753934,,0.009051129,0.001205853,0.010256982
6/14/2021,1,472,167078,1492,163469,2117,2231409,1964095,261670,2225765,,5.222919268,3.173768823,5.213435406,3.325720858,6.29316249,5.417753934,,0.009051129,0.001205853,0.010256982
6/15/2021,1,473,167095,1495,163483,2117,2231409,1978808,680345,2659153,,5.222963455,3.174641193,5.213472599,3.325720858,6.296403657,5.832729197,,0.009118931,0.00313523,0.012254161
6/16/2021,1,474,167103,1458,163528,2117,2231409,1978808,680345,2659153,,5.222984247,3.163757524,5.213592125,3.325720858,6.296403657,5.832729197,,0.009118931,0.00313523,0.012254161
6/17/2021,1,475,167142,1490,163535,2117,2231409,1978808,680345,2659153,,5.223085595,3.173186268,5.213610715,3.325720858,6.296403657,5.832729197,,0.009118931,0.00313523,0.012254161
6/18/2021,1,476,167155,1498,163540,2117,2231409,1978808,680345,2659153,,5.223119372,3.175511813,5.213623993,3.325720858,6.296403657,5.832729197,,0.009118931,0.00313523,0.012254161
6/19/2021,1,477,167206,1539,163550,2117,2231409,1978808,680345,2659153,,5.223251858,3.18723862,5.213650548,3.325720858,6.296403657,5.832729197,,0.009118931,0.00313523,0.012254161
6/20/2021,1,478,167206,1532,163557,2117,2231409,1978808,680345,2659153,,5.223251858,3.185258765,5.213669136,3.325720858,6.296403657,5.832729197,,0.009118931,0.00313523,0.012254161
6/21/2021,1,479,167292,1377,163797,2118,2266591,1978808,680345,2659153,,5.223475173,3.13893394,5.214305943,3.325925956,6.296403657,5.832729197,,0.009118931,0.00313523,0.012254161
6/22/2021,1,480,167331,1300,163913,2118,2266591,1978808,680345,2659153,,5.223576406,3.113943352,5.214613399,3.325925956,6.296403657,5.832729197,,0.009118931,0.00313523,0.012254161
6/23/2021,1,481,167375,1340,163917,2118,2266591,1978808,680345,2659153,,5.22369059,3.127104798,5.214623997,3.325925956,6.296403657,5.832729197,,0.009118931,0.00313523,0.012254161
6/24/2021,1,482,167401,1350,163933,2118,2266591,2099568,1005234,3104802,,5.223758048,3.130333768,5.214666387,3.325925956,6.322129945,6.002267169,,0.009675429,0.004632415,0.014307843
6/25/2021,1,483,167430,1374,163937,2119,2266591,2099568,1005234,3104802,,5.223833277,3.137986733,5.214676983,3.326130957,6.322129945,6.002267169,,0.009675429,0.004632415,0.014307843
6/26/2021,1,484,167465,1400,163946,2119,2266591,2099568,1005234,3104802,,5.223924054,3.146128036,5.214700825,3.326130957,6.322129945,6.002267169,,0.009675429,0.004632415,0.014307843
6/27/2021,1,485,167467,1399,163949,2119,2266591,2099568,1005234,3104802,,5.22392924,3.145817714,5.214708772,3.326130957,6.322129945,6.002267169,,0.009675429,0.004632415,0.014307843
6/28/2021,1,486,167532,1429,163984,2119,2300266,2241662,1155810,3397472,,5.224097773,3.155032229,5.214801476,3.326130957,6.35057013,6.062886448,,0.01033024,0.005326313,0.015656553
6/29/2021,1,487,167543,1438,163985,2120,2300266,2241662,1155810,3397472,,5.224126288,3.157758886,5.214804124,3.326335861,6.35057013,6.062886448,,0.01033024,0.005326313,0.015656553
6/30/2021,1,488,167618,1254,164244,2120,2300266,2241662,1155810,3397472,,5.224320654,3.098297536,5.215489513,3.326335861,6.35057013,6.062886448,,0.01033024,0.005326313,0.015656553
7/1/2021,1,489,167692,1298,164273,2121,2300266,2241662,1155810,3397472,,5.224512344,3.113274692,5.215566188,3.326540669,6.35057013,6.062886448,,0.01033024,0.005326313,0.015656553
7/2/2021,1,490,167732,1242,164369,2121,2300266,2241662,1155810,3397472,,5.224615925,3.094121596,5.215819913,3.326540669,6.35057013,6.062886448,,0.01033024,0.005326313,0.015656553
7/3/2021,1,491,167803,1304,164378,2121,2300266,2241662,1155810,3397472,,5.224799721,3.115277591,5.215843692,3.326540669,6.35057013,6.062886448,,0.01033024,0.005326313,0.015656553
7/4/2021,1,492,167859,1356,164382,2121,2300266,2241662,1155810,3397472,,5.224944632,3.13225969,5.21585426,3.326540669,6.35057013,6.062886448,,0.01033024,0.005326313,0.015656553
7/5/2021,1,493,167909,1387,164400,2122,2331734,2476637,1355822,3832459,,5.225073975,3.142076461,5.215901813,3.32674538,6.393862357,6.132202677,,0.011413074,0.006248028,0.017661101
7/6/2021,1,494,168000,1473,164405,2122,2331734,2476637,1355822,3832459,,5.225309282,3.168202747,5.215915021,3.32674538,6.393862357,6.132202677,,0.011413074,0.006248028,0.017661101
7/7/2021,1,495,168110,1580,164408,2122,2331734,2476637,1355822,3832459,,5.225593548,3.198657087,5.215922946,3.32674538,6.393862357,6.132202677,,0.011413074,0.006248028,0.017661101
7/8/2021,1,496,168256,1719,164415,2122,2331734,2476637,1355822,3832459,,5.22597056,3.235275877,5.215941437,3.32674538,6.393862357,6.132202677,,0.011413074,0.006248028,0.017661101
7/9/2021,1,497,168442,1997,164323,2122,2331734,2476637,1355822,3832459,,5.226450389,3.300378065,5.215698355,3.32674538,6.393862357,6.132202677,,0.011413074,0.006248028,0.017661101
7/10/2021,1,498,168540,1987,164431,2122,2331734,2476637,1355822,3832459,,5.22670299,3.298197867,5.215983698,3.32674538,6.393862357,6.132202677,,0.011413074,0.006248028,0.017661101
7/11/2021,1,499,168552,1989,164439,2124,2331734,2476637,1355822,3832459,,5.22673391,3.298634783,5.216004827,3.327154512,6.393862357,6.132202677,,0.011413074,0.006248028,0.017661101
7/12/2021,1,500,168713,2113,164476,2124,2362757,2534205,1404740,3938945,,5.227148548,3.324899497,5.216102536,3.327154512,6.403841743,6.147595949,,0.011678364,0.006473456,0.01815182
7/13/2021,1,501,168867,2119,164623,2125,2362757,2534205,1404740,3938945,,5.227544788,3.326130957,5.216490512,3.327358934,6.403841743,6.147595949,,0.011678364,0.006473456,0.01815182
7/14/2021,1,502,168915,2138,164652,2125,2362757,2534205,1404740,3938945,,5.227668218,3.330007701,5.21656701,3.327358934,6.403841743,6.147595949,,0.011678364,0.006473456,0.01815182
7/15/2021,1,503,169074,2296,164652,2126,2362757,2534205,1404740,3938945,,5.228076827,3.360971884,5.21656701,3.32756326,6.403841743,6.147595949,,0.011678364,0.006473456,0.01815182
7/16/2021,1,504,169206,2414,164666,2126,2362757,2534205,1404740,3938945,,5.228415759,3.382737266,5.216603936,3.32756326,6.403841743,6.147595949,,0.011678364,0.006473456,0.01815182
7/17/2021,1,505,169329,2531,164672,2126,2362757,2534205,1404740,3938945,,5.228731344,3.403292145,5.21661976,3.32756326,6.403841743,6.147595949,,0.011678364,0.006473456,0.01815182
7/18/2021,1,506,169532,2706,164699,2127,2362757,2534205,1404740,3938945,,5.229251685,3.432327792,5.216690962,3.32776749,6.403841743,6.147595949,,0.011678364,0.006473456,0.01815182
7/19/2021,1,507,169678,2840,164710,2128,2362757,2534205,1404740,3938945,,5.229625536,3.45331834,5.216719967,3.327971624,6.403841743,6.147595949,,0.011678364,0.006473456,0.01815182
7/20/2021,1,508,169884,3023,164733,2128,2401894,2534205,1404740,3938945,,5.230152478,3.480438147,5.216780608,3.327971624,6.403841743,6.147595949,,0.011678364,0.006473456,0.01815182
7/21/2021,1,509,170122,3251,164741,2130,2401894,2534205,1404740,3938945,,5.23076048,3.512016969,5.216801698,3.328379603,6.403841743,6.147595949,,0.011678364,0.006473456,0.01815182
7/22/2021,1,510,170306,3404,164772,2130,2401894,2534205,1404740,3938945,,5.231229949,3.531989551,5.216883413,3.328379603,6.403841743,6.147595949,,0.011678364,0.006473456,0.01815182
7/23/2021,1,511,170623,3712,164780,2131,2401894,2534205,1404740,3938945,,5.232037574,3.569607968,5.216904499,3.32858345,6.403841743,6.147595949,,0.011678364,0.006473456,0.01815182
7/24/2021,1,512,170895,3975,164788,2132,2401894,2534205,1404740,3938945,,5.232729356,3.599337133,5.216925583,3.3287872,6.403841743,6.147595949,,0.011678364,0.006473456,0.01815182
7/25/2021,1,513,171111,4190,164789,2132,2401894,2534205,1404740,3938945,,5.233277929,3.622214023,5.216928218,3.3287872,6.403841743,6.147595949,,0.011678364,0.006473456,0.01815182
7/26/2021,1,514,171324,4392,164798,2134,2401894,2534205,1404740,3938945,,5.233818206,3.642662331,5.216951937,3.329194415,6.403841743,6.147595949,,0.011678364,0.006473456,0.01815182
7/27/2021,1,515,171728,4757,164837,2134,2439850,2534205,1404740,3938945,,5.234841112,3.677333151,5.217054702,3.329194415,6.403841743,6.147595949,,0.011678364,0.006473456,0.01815182
7/28/2021,1,516,172263,5238,164886,2139,2439850,2534205,1404740,3938945,,5.236192006,3.719165494,5.217183783,3.330210785,6.403841743,6.147595949,,0.011678364,0.006473456,0.01815182
7/29/2021,1,517,172821,5750,164930,2141,2439850,2534205,1404740,3938945,,5.237596514,3.759667845,5.217299659,3.330616667,6.403841743,6.147595949,,0.011678364,0.006473456,0.01815182
7/30/2021,1,518,173411,6284,164978,2149,2439850,2534205,1404740,3938945,,5.239076643,3.798236176,5.217426034,3.332236415,6.403841743,6.147595949,,0.011678364,0.006473456,0.01815182
7/31/2021,1,519,173908,6765,164994,2149,2439850,2534205,1404740,3938945,,5.240319561,3.830267801,5.217468151,3.332236415,6.403841743,6.147595949,,0.011678364,0.006473456,0.01815182
8/1/2021,1,520,174315,7161,165005,2149,2439850,2534205,1404740,3938945,,5.24133476,3.854973674,5.217497104,3.332236415,6.403841743,6.147595949,,0.011678364,0.006473456,0.01815182
8/2/2021,1,521,174759,7562,165037,2160,2439850,2534205,1404740,3938945,,5.242439551,3.878636673,5.217581321,3.334453751,6.403841743,6.147595949,,0.011678364,0.006473456,0.01815182
8/3/2021,1,522,175264,7979,165122,2163,2542261,2534205,1404740,3938945,,5.243692719,3.901948465,5.21780494,3.335056519,6.403841743,6.147595949,,0.011678364,0.006473456,0.01815182
8/4/2021,1,523,176011,8636,165208,2167,2542261,2534205,1404740,3938945,,5.24553981,3.936312634,5.218031074,3.335858911,6.403841743,6.147595949,,0.011678364,0.006473456,0.01815182
8/5/2021,1,524,176577,9076,165323,2178,2542261,2534205,1404740,3938945,,5.246934134,3.957894487,5.218333278,3.338057875,6.403841743,6.147595949,,0.011678364,0.006473456,0.01815182
8/6/2021,1,525,177142,9638,165323,2181,2542261,2534205,1404740,3938945,,5.248321544,3.983986922,5.218333278,3.338655666,6.403841743,6.147595949,,0.011678364,0.006473456,0.01815182
8/7/2021,1,526,177615,9958,165472,2185,2542261,2534205,1404740,3938945,,5.24947964,3.998172122,5.218724516,3.339451441,6.403841743,6.147595949,,0.011678364,0.006473456,0.01815182
8/8/2021,1,527,178086,10136,165763,2187,2542261,2534205,1404740,3938945,,5.250629779,4.005866602,5.219487598,3.339848783,6.403841743,6.147595949,,0.011678364,0.006473456,0.01815182
8/9/2021,1,528,178508,10334,165982,2192,2589130,2550390,1416623,3967013,,5.251657684,4.014268457,5.220060993,3.34084055,6.406606597,6.151254289,,0.011752949,0.006528217,0.018281166
8/10/2021,1,529,179118,10793,166131,2194,2589130,2550390,1416623,3967013,,5.253139231,4.033142177,5.220450679,3.341236623,6.406606597,6.151254289,,0.011752949,0.006528217,0.018281166
8/11/2021,1,530,179908,11510,166203,2195,2589130,2550390,1416623,3967013,,5.255050476,4.061075324,5.220638859,3.341434525,6.406606597,6.151254289,,0.011752949,0.006528217,0.018281166
8/12/2021,1,531,180661,11901,166560,2200,2589130,2550390,1416623,3967013,,5.25686441,4.075583455,5.221570712,3.342422681,6.406606597,6.151254289,,0.011752949,0.006528217,0.018281166
8/13/2021,1,532,181297,12377,166709,2211,2589130,2550390,1416623,3967013,,5.258390618,4.092615391,5.221959046,3.344588743,6.406606597,6.151254289,,0.011752949,0.006528217,0.018281166
8/14/2021,1,533,181962,12917,166826,2219,2589130,2550390,1416623,3967013,,5.259980702,4.11116166,5.222263737,3.346157302,6.406606597,6.151254289,,0.011752949,0.006528217,0.018281166
8/15/2021,1,534,182503,13152,167132,2219,2589130,2550390,1416623,3967013,,5.261270008,4.1189918,5.22305961,3.346157302,6.406606597,6.151254289,,0.011752949,0.006528217,0.018281166
8/16/2021,1,535,183087,13554,167310,2223,2589130,2550390,1416623,3967013,,5.262657509,4.132067481,5.223521899,3.346939463,6.406606597,6.151254289,,0.011752949,0.006528217,0.018281166
8/17/2021,1,536,183444,13756,167459,2229,2648684,2550390,1416623,3967013,,5.263503512,4.138492167,5.223908493,3.348110068,6.406606597,6.151254289,,0.011752949,0.006528217,0.018281166
8/18/2021,1,537,184593,14619,167738,2236,2648684,2550390,1416623,3967013,,5.266215228,4.164917666,5.22463146,3.349471799,6.406606597,6.151254289,,0.011752949,0.006528217,0.018281166
8/19/2021,1,538,185267,15100,167923,2244,2648684,2550390,1416623,3967013,,5.267798069,4.178976947,5.225110184,3.351022853,6.406606597,6.151254289,,0.011752949,0.006528217,0.018281166
8/20/2021,1,539,185571,15200,168124,2247,2648684,2550390,1416623,3967013,,5.268510108,4.181843588,5.225629714,3.351603072,6.406606597,6.151254289,,0.011752949,0.006528217,0.018281166
8/21/2021,1,540,186635,16055,168320,2260,2648684,2550390,1416623,3967013,,5.270993091,4.20561031,5.226135722,3.354108439,6.406606597,6.151254289,,0.011752949,0.006528217,0.018281166
8/22/2021,1,541,187023,16300,168455,2268,2648684,2550390,1416623,3967013,,5.271895019,4.212187604,5.226483906,3.35564305,6.406606597,6.151254289,,0.011752949,0.006528217,0.018281166
8/23/2021,1,542,187588,16494,168818,2276,2727834,2550390,1416623,3967013,,5.273205053,4.21732599,5.227418751,3.357172258,6.406606597,6.151254289,,0.011752949,0.006528217,0.018281166
8/24/2021,1,543,188243,16927,169035,2281,2727834,2550390,1416623,3967013,,5.274718836,4.228579994,5.227976638,3.358125285,6.406606597,6.151254289,,0.011752949,0.006528217,0.018281166
8/25/2021,1,544,188880,17210,169382,2288,2727834,2550390,1416623,3967013,,5.276185974,4.23578087,5.228867257,3.35945602,6.406606597,6.151254289,,0.011752949,0.006528217,0.018281166
8/26/2021,1,545,189715,17791,169626,2298,2727834,2550390,1416623,3967013,,5.27810167,4.25020036,5.229492421,3.361350024,6.406606597,6.151254289,,0.011752949,0.006528217,0.018281166
8/27/2021,1,546,190333,18210,169815,2308,2727834,2550390,1416623,3967013,,5.279514093,4.260309946,5.229976049,3.363235804,6.406606597,6.151254289,,0.011752949,0.006528217,0.018281166
8/28/2021,1,547,190983,10575,178047,2361,2727834,2756203,1426312,4182515,,5.280994711,4.024280376,5.25053466,3.373095987,6.440311201,6.154214536,,0.012701396,0.006572866,0.019274263
8/29/2021,1,548,191345,10608,178283,2454,2779725,2756203,1426312,4182515,,5.281817118,4.025633511,5.251109933,3.389874558,6.440311201,6.154214536,,0.012701396,0.006572866,0.019274263
8/30/2021,1,549,191805,10858,178492,2455,2779725,2756203,1426312,4182515,,5.282859924,4.035749837,5.251618756,3.390051496,6.440311201,6.154214536,,0.012701396,0.006572866,0.019274263
8/31/2021,1,550,192431,11203,178759,2469,2779725,2994933,1437349,4432282,,5.284275037,4.049334336,5.252267916,3.39252109,6.476387111,6.157562231,,0.013801535,0.006623728,0.020425263
9/1/2021,1,551,193013,11533,179000,2480,2779725,2994933,1437349,4432282,,5.285586561,4.061942292,5.252853031,3.394451681,6.476387111,6.157562231,,0.013801535,0.006623728,0.020425263
9/2/2021,1,552,193644,11862,179294,2488,2779725,2994933,1437349,4432282,,5.287004045,4.07415792,5.253565756,3.395850376,6.476387111,6.157562231,,0.013801535,0.006623728,0.020425263
9/3/2021,1,553,194088,11914,179679,2495,2779725,2994933,1437349,4432282,,5.287998685,4.076057596,5.254497322,3.39707055,6.476387111,6.157562231,,0.013801535,0.006623728,0.020425263
9/4/2021,1,554,195052,10067,182463,2522,2779725,2994933,1437349,4432282,,5.290150408,4.002900069,5.261174811,3.401745082,6.476387111,6.157562231,,0.013801535,0.006623728,0.020425263
9/5/2021,1,555,195511,8430,184529,2552,2779725,3461713,1540123,5001836,,5.291171197,3.925827575,5.266064628,3.40688067,6.539291059,6.187555407,,0.015952594,0.007097341,0.023049935
9/6/2021,1,556,195890,8452,184882,2556,2884034,3600858,1576011,5176869,,5.292012266,3.926959488,5.266894631,3.407560849,6.556405995,6.197559244,,0.016593816,0.007262724,0.023856539
9/7/2021,1,557,196487,8755,185159,2573,2884034,3600858,1576011,5176869,,5.293333822,3.94225615,5.267544827,3.410439786,6.556405995,6.197559244,,0.016593816,0.007262724,0.023856539
9/8/2021,1,558,197046,9089,185379,2578,2884034,3600858,1576011,5176869,,5.294567623,3.958516103,5.268060535,3.411282913,6.556405995,6.197559244,,0.016593816,0.007262724,0.023856539
9/9/2021,1,559,197773,9591,185597,2585,2884034,3600858,1576011,5176869,,5.296167001,3.981863891,5.268570952,3.412460547,6.556405995,6.197559244,,0.016593816,0.007262724,0.023856539
9/10/2021,1,560,198239,9871,185780,2588,2884034,3600858,1576011,5176869,,5.297189098,3.994361152,5.268998959,3.412964272,6.556405995,6.197559244,,0.016593816,0.007262724,0.023856539
9/11/2021,1,561,198786,11121,185075,2590,2884034,3600858,1576011,5176869,,5.298385795,4.046143841,5.267347758,3.413299764,6.556405995,6.197559244,,0.016593816,0.007262724,0.023856539
9/12/2021,1,562,199151,10135,186418,2598,2942578,4024704,1687315,5712019,,5.299182491,4.005823753,5.270487844,3.414639147,6.604733945,6.227196167,,0.018547023,0.007775645,0.026322668
9/13/2021,1,563,199538,8492,188427,2619,2942578,4024704,1687315,5712019,,5.300025615,3.929009985,5.275143134,3.418135498,6.604733945,6.227196167,,0.018547023,0.007775645,0.026322668
9/14/2021,1,564,200057,8701,188719,2637,2942578,4024704,1687315,5712019,,5.301153752,3.939569169,5.275815627,3.42111013,6.604733945,6.227196167,,0.018547023,0.007775645,0.026322668
9/15/2021,1,565,200356,8799,188917,2640,2942578,4146028,1712709,5858737,,5.301802353,3.944433318,5.27627104,3.421603927,6.617632231,6.23368358,,0.01910612,0.007892668,0.026998788
9/16/2021,1,566,200957,8964,189346,2647,2942578,4146028,1712709,5858737,,5.303103139,3.952501848,5.277256135,3.422753941,6.617632231,6.23368358,,0.01910612,0.007892668,0.026998788
9/17/2021,1,567,201294,9037,189608,2649,2942578,4146028,1712709,5858737,,5.30383083,3.956024282,5.277856657,3.423081958,6.617632231,6.23368358,,0.01910612,0.007892668,0.026998788
9/18/2021,1,568,201630,8688,190288,2654,2942578,4146028,1712709,5858737,,5.30455515,3.938919812,5.279411402,3.423900919,6.617632231,6.23368358,,0.01910612,0.007892668,0.026998788
9/19/2021,1,569,201798,8580,190563,2655,2997060,4415507,1771140,6186647,,5.304916858,3.933487288,5.280038581,3.424064525,6.644980578,6.248252891,,0.020347959,0.008161935,0.028509894
9/20/2021,1,570,202191,8629,190901,2661,2997060,4415507,1771140,6186647,,5.30576182,3.935960469,5.280808203,3.425044875,6.644980578,6.248252891,,0.020347959,0.008161935,0.028509894
9/21/2021,1,571,202704,8670,191370,2664,2997060,4415507,1771140,6186647,,5.306862319,3.938019097,5.281873857,3.42553422,6.644980578,6.248252891,,0.020347959,0.008161935,0.028509894
9/22/2021,1,572,203081,8814,191601,2666,2997060,4474172,1780853,6255025,,5.307669293,3.945173046,5.282397771,3.425860145,6.650712676,6.250628072,,0.020618304,0.008206696,0.028825
9/23/2021,1,573,203514,8904,191942,2668,2997060,4474172,1780853,6255025,,5.30859429,3.949585151,5.283170016,3.426185825,6.650712676,6.250628072,,0.020618304,0.008206696,0.028825
9/24/2021,1,574,203991,9181,192139,2671,2997060,4474172,1780853,6255025,,5.309611007,3.962889987,5.283615526,3.426673888,6.650712676,6.250628072,,0.020618304,0.008206696,0.028825
9/25/2021,1,575,204201,9107,192421,2673,2997060,4685526,1867453,6552979,,5.310057865,3.959375337,5.284252467,3.426998959,6.670758352,6.27124968,,0.021592286,0.008605774,0.03019806
9/26/2021,1,576,204456,9159,192620,2677,2997060,4685526,1867453,6552979,,5.31059986,3.961848059,5.284701379,3.427648371,6.670758352,6.27124968,,0.021592286,0.008605774,0.03019806
9/27/2021,1,577,204752,9120,192943,2689,2997060,4685526,1867453,6552979,,5.311228153,3.959994838,5.285429027,3.429590802,6.670758352,6.27124968,,0.021592286,0.008605774,0.03019806
9/28/2021,1,578,205047,9092,193260,2695,2997060,4685526,1867453,6552979,,5.31185342,3.958659427,5.286141975,3.43055877,6.670758352,6.27124968,,0.021592286,0.008605774,0.03019806
9/29/2021,1,579,205484,9301,193482,2701,3043321,4685526,1867453,6552979,,5.312778011,3.968529644,5.286640568,3.431524584,6.670758352,6.27124968,,0.021592286,0.008605774,0.03019806
9/30/2021,1,580,205765,9428,193617,2720,3043321,4790943,1943821,6734764,,5.313371505,3.974419574,5.286943487,3.434568904,6.680421004,6.28865627,,0.022078078,0.0089577,0.031035779
10/1/2021,1,581,205926,9405,193798,2723,3043321,4790943,1943821,6734764,,5.313711184,3.9733588,5.287349291,3.435047641,6.680421004,6.28865627,,0.022078078,0.0089577,0.031035779
10/2/2021,1,582,206064,9448,193893,2723,3043321,4790943,1943821,6734764,,5.314002126,3.975339885,5.28756213,3.435047641,6.680421004,6.28865627,,0.022078078,0.0089577,0.031035779
10/3/2021,1,583,206138,9318,194097,2723,3090114,4790943,1943821,6734764,,5.314158058,3.969322706,5.288018823,3.435047641,6.680421004,6.28865627,,0.022078078,0.0089577,0.031035779
10/4/2021,1,584,206279,9389,194167,2723,3090114,4790943,1943821,6734764,,5.314455017,3.972619339,5.288175421,3.435047641,6.680421004,6.28865627,,0.022078078,0.0089577,0.031035779
10/5/2021,1,585,206623,9417,194475,2731,3090114,4790943,1943821,6734764,,5.315178663,3.97391257,5.28886378,3.4363217,6.680421004,6.28865627,,0.022078078,0.0089577,0.031035779
10/6/2021,1,586,206920,9529,194651,2740,3090114,4790943,1943821,6734764,,5.31580247,3.979047327,5.289256639,3.437750563,6.680421004,6.28865627,,0.022078078,0.0089577,0.031035779
10/7/2021,1,587,207210,9672,194796,2742,3090114,4963985,2166186,7130171,,5.316410711,3.985516288,5.289580035,3.43806745,6.69583046,6.335695745,,0.022875507,0.009982424,0.032857931
10/8/2021,1,588,207479,9684,195052,2743,3090114,4963985,2166186,7130171,,5.316974146,3.986054781,5.290150408,3.438225808,6.69583046,6.335695745,,0.022875507,0.009982424,0.032857931
10/9/2021,1,589,207616,9739,195132,2745,3090114,4963985,2166186,7130171,,5.31726082,3.988514366,5.290328496,3.438542349,6.69583046,6.335695745,,0.022875507,0.009982424,0.032857931
10/10/2021,1,590,207694,9673,195274,2747,3142971,4963985,2166186,7130171,,5.317423951,3.985561188,5.290644422,3.438858659,6.69583046,6.335695745,,0.022875507,0.009982424,0.032857931
10/11/2021,1,591,207978,9596,195626,2756,3142971,4963985,2166186,7130171,,5.318017398,3.982090239,5.291426575,3.440279213,6.69583046,6.335695745,,0.022875507,0.009982424,0.032857931
10/12/2021,1,592,208153,9461,195936,2756,3142971,4963985,2166186,7130171,,5.318382675,3.975937042,5.292114238,3.440279213,6.69583046,6.335695745,,0.022875507,0.009982424,0.032857931
10/13/2021,1,593,208404,9520,196123,2761,3142971,4963985,2166186,7130171,,5.31890605,3.978636948,5.292528528,3.441066407,6.69583046,6.335695745,,0.022875507,0.009982424,0.032857931
10/14/2021,1,594,208630,9537,196326,2767,3142971,5118422,2359781,7478203,,5.319376758,3.979411783,5.292977818,3.442009159,6.709136089,6.3728717,,0.023587198,0.010874567,0.034461765
10/15/2021,1,595,208797,9603,196425,2769,3142971,5118422,2359781,7478203,,5.319724254,3.982406929,5.293196762,3.442322956,6.709136089,6.3728717,,0.023587198,0.010874567,0.034461765
10/16/2021,1,596,209173,9285,197084,2804,3142971,5118422,2359781,7478203,,5.320505625,3.967781908,5.294651368,3.447778009,6.709136089,6.3728717,,0.023587198,0.010874567,0.034461765
10/17/2021,1,597,209298,9318,197143,2837,3142971,5118422,2359781,7478203,,5.320765078,3.969322706,5.294781361,3.452859336,6.709136089,6.3728717,,0.023587198,0.010874567,0.034461765
10/18/2021,1,598,209387,9237,197312,2838,3142971,5348573,2681129,8029702,,5.320949715,3.965530944,5.295153499,3.453012391,6.728237928,6.42831771,,0.024647802,0.012355433,0.037003235
10/19/2021,1,599,209546,9162,197546,2838,3207523,5348573,2681129,8029702,,5.321279375,3.961990287,5.29566824,3.453012391,6.728237928,6.42831771,,0.024647802,0.012355433,0.037003235
10/20/2021,1,600,209713,9149,197724,2840,3207523,5348573,2681129,8029702,,5.321625353,3.961373628,5.296059388,3.45331834,6.728237928,6.42831771,,0.024647802,0.012355433,0.037003235
10/21/2021,1,601,209960,9084,198026,2850,3207523,5427920,2760913,8188833,,5.322136564,3.958277126,5.296722215,3.45484486,6.734633438,6.441052722,,0.025013456,0.012723101,0.037736558
10/22/2021,1,602,210136,9164,198117,2855,3207523,5427920,2760913,8188833,,5.322500461,3.962085081,5.296921743,3.455606113,6.734633438,6.441052722,,0.025013456,0.012723101,0.037736558
10/23/2021,1,603,210295,9248,198191,2856,3207523,5526303,2875824,8402127,,5.322828947,3.966047821,5.297083929,3.455758203,6.742434693,6.458762304,,0.025466834,0.013252645,0.038719479
10/24/2021,1,604,210460,5199,202379,2882,3298966,5526303,2875824,8402127,,5.323169566,3.715919817,5.306165446,3.459693976,6.742434693,6.458762304,,0.025466834,0.013252645,0.038719479
10/25/2021,1,605,211171,5613,202674,2884,3298966,5526303,2875824,8402127,,5.324634277,3.749195042,5.306798039,3.459995256,6.742434693,6.458762304,,0.025466834,0.013252645,0.038719479
10/26/2021,1,606,211330,5643,202803,2884,3298966,5526303,2875824,8402127,,5.324961153,3.75151005,5.307074375,3.459995256,6.742434693,6.458762304,,0.025466834,0.013252645,0.038719479
10/27/2021,1,607,211496,5680,202930,2886,3298966,5526303,2875824,8402127,,5.325302158,3.754348336,5.307346255,3.460296327,6.742434693,6.458762304,,0.025466834,0.013252645,0.038719479
10/28/2021,1,608,211678,5901,202885,2892,3298966,5607813,2973461,8581274,,5.325675724,3.770925615,5.307249939,3.461198289,6.748793523,6.473262247,,0.025842456,0.013702585,0.039545041
10/29/2021,1,609,211798,5941,202962,2895,3298966,5607813,2973461,8581274,,5.325921855,3.773859552,5.307414734,3.461648568,6.748793523,6.473262247,,0.025842456,0.013702585,0.039545041
10/30/2021,1,610,211887,5912,203080,2895,3298966,5607813,2973461,8581274,,5.326104312,3.771734425,5.307667155,3.461648568,6.748793523,6.473262247,,0.025842456,0.013702585,0.039545041
10/31/2021,1,611,211961,5944,203121,2896,3340313,5693300,3079239,8772539,,5.32625596,3.774078801,5.307754826,3.461798558,6.755364069,6.488443399,,0.026236406,0.014190041,0.040426447
11/1/2021,1,612,212051,5815,203338,2898,3340313,5693300,3079239,8772539,,5.326440325,3.764549719,5.308218548,3.462098381,6.755364069,6.488443399,,0.026236406,0.014190041,0.040426447
11/2/2021,1,613,212150,5727,203524,2899,3340313,5693300,3079239,8772539,,5.326643036,3.757927183,5.30861563,3.462248215,6.755364069,6.488443399,,0.026236406,0.014190041,0.040426447
11/3/2021,1,614,212359,5449,204010,2900,3340313,5693300,3079239,8772539,,5.327070672,3.736316808,5.309651456,3.462397998,6.755364069,6.488443399,,0.026236406,0.014190041,0.040426447
11/4/2021,1,615,212446,5497,204047,2902,3340313,5741264,3120978,8862242,,5.327248558,3.740125737,5.309730214,3.462697408,6.759007517,6.494290707,,0.026457438,0.014382387,0.040839825
11/5/2021,1,616,212511,5425,204184,2902,3340313,5741264,3120978,8862242,,5.327381415,3.734399743,5.310021707,3.462697408,6.759007517,6.494290707,,0.026457438,0.014382387,0.040839825
11/6/2021,1,617,212627,5473,204249,2905,3340313,5741264,3120978,8862242,,5.327618412,3.738225448,5.310159939,3.463146137,6.759007517,6.494290707,,0.026457438,0.014382387,0.040839825
11/7/2021,1,618,212713,5428,204379,2906,3392457,5741264,3120978,8862242,,5.327794033,3.734639839,5.31043627,3.46329561,6.759007517,6.494290707,,0.026457438,0.014382387,0.040839825
11/8/2021,1,619,212765,5398,204461,2906,3392457,5741264,3120978,8862242,,5.327900188,3.73223288,5.310610481,3.46329561,6.759007517,6.494290707,,0.026457438,0.014382387,0.040839825
11/9/2021,1,620,212829,5380,204535,2914,3392457,5741264,3120978,8862242,,5.328030804,3.730782276,5.310767635,3.464489547,6.759007517,6.494290707,,0.026457438,0.014382387,0.040839825
11/10/2021,1,621,212894,5297,204675,2922,3392457,5776679,3152648,8929327,,5.328163422,3.724029973,5.311064799,3.465680212,6.761678235,6.498675484,,0.026620641,0.014528332,0.041148972
11/11/2021,1,622,212947,5014,205000,2933,3392457,5823013,3194938,9017951,,5.328271526,3.70018433,5.311753861,3.467312063,6.76514776,6.504462435,,0.026834161,0.014723217,0.041557378
11/12/2021,1,623,213076,4644,205483,2949,3392457,5823013,3194938,9017951,,5.328534535,3.666892211,5.312775898,3.469674773,6.76514776,6.504462435,,0.026834161,0.014723217,0.041557378
11/13/2021,1,624,213127,4676,205491,2960,3392457,5823013,3194938,9017951,,5.328638472,3.669874502,5.312792806,3.471291711,6.76514776,6.504462435,,0.026834161,0.014723217,0.041557378
11/14/2021,1,625,213147,4447,205732,2968,3392457,5823013,3194938,9017951,,5.328679224,3.648067129,5.313301848,3.472463897,6.76514776,6.504462435,,0.026834161,0.014723217,0.041557378
11/15/2021,1,626,213177,4439,205770,2968,3440172,5823013,3194938,9017951,,5.328740346,3.647285145,5.313382058,3.472463897,6.76514776,6.504462435,,0.026834161,0.014723217,0.041557378
11/16/2021,1,627,213321,4142,206206,2973,3440172,5823013,3194938,9017951,,5.329033611,3.617210095,5.314301298,3.473194909,6.76514776,6.504462435,,0.026834161,0.014723217,0.041557378
11/17/2021,1,628,213403,4185,206245,2973,3440172,5823013,3194938,9017951,,5.32920052,3.621695462,5.314383429,3.473194909,6.76514776,6.504462435,,0.026834161,0.014723217,0.041557378
11/18/2021,1,629,213464,4199,206292,2973,3440172,5947322,3306380,9253702,,5.329324643,3.623145875,5.314482386,3.473194909,6.774321453,6.519352765,,0.027407014,0.015236774,0.042643788
11/19/2021,1,630,213487,4213,206301,2973,3440172,5947322,3306380,9253702,,5.329371434,3.624591459,5.314501333,3.473194909,6.774321453,6.519352765,,0.027407014,0.015236774,0.042643788
11/20/2021,1,631,213532,4073,206486,2973,3440172,5947322,3306380,9253702,,5.329462968,3.60991441,5.314890611,3.473194909,6.774321453,6.519352765,,0.027407014,0.015236774,0.042643788
11/21/2021,1,632,213589,4097,206518,2974,3440172,6079895,3403492,9483387,,5.329578882,3.612465964,5.314957911,3.473340964,6.783896079,6.531924734,,0.028017949,0.015684295,0.043702244
11/22/2021,1,633,213625,3873,206778,2974,3479682,6079895,3403492,9483387,,5.329652076,3.588047497,5.31550433,3.473340964,6.783896079,6.531924734,,0.028017949,0.015684295,0.043702244
11/23/2021,1,634,213677,3906,206797,2974,3479682,6079895,3403492,9483387,,5.329757778,3.591732239,5.315544234,3.473340964,6.783896079,6.531924734,,0.028017949,0.015684295,0.043702244
11/24/2021,1,635,213818,3828,207016,2974,3479682,6183844,3456204,9640048,,5.330044263,3.582971929,5.316003913,3.473340964,6.791258525,6.538599368,,0.028496977,0.015927207,0.044424184
11/25/2021,1,636,213883,3814,207094,2975,3479682,6329967,3516215,9846182,,5.330176267,3.581380689,5.316167517,3.47348697,6.801401446,6.546075422,,0.029170355,0.016203756,0.045374111
11/26/2021,1,637,213924,3835,207114,2975,3479682,6329967,3516215,9846182,,5.330259511,3.583765368,5.316209456,3.47348697,6.801401446,6.546075422,,0.029170355,0.016203756,0.045374111
11/27/2021,1,638,213924,3765,207184,2975,3479682,6329967,3516215,9846182,,5.330259511,3.575764981,5.316356214,3.47348697,6.801401446,6.546075422,,0.029170355,0.016203756,0.045374111
11/28/2021,1,639,214092,3862,207254,2976,3479682,6329967,3516215,9846182,,5.330600439,3.586812269,5.316502921,3.473632927,6.801401446,6.546075422,,0.029170355,0.016203756,0.045374111
11/29/2021,1,640,214113,3845,207292,2976,3580510,6329967,3516215,9846182,,5.330643037,3.584896344,5.316582542,3.473632927,6.801401446,6.546075422,,0.029170355,0.016203756,0.045374111
11/30/2021,1,641,214218,3937,207304,2977,3580510,6329967,3516215,9846182,,5.33085596,3.595165415,5.316607682,3.473778835,6.801401446,6.546075422,,0.029170355,0.016203756,0.045374111
12/1/2021,1,642,214270,3980,207312,2978,3580510,6329967,3516215,9846182,,5.33096137,3.599883072,5.316624441,3.473924693,6.801401446,6.546075422,,0.029170355,0.016203756,0.045374111
12/2/2021,1,643,214317,3982,207357,2978,3580510,6524582,3595400,10119982,,5.331056621,3.600101256,5.316718701,3.473924693,6.814552694,6.555747214,,0.030067198,0.016568664,0.046635862
12/3/2021,1,644,214513,4130,207403,2980,3580510,7131832,3785359,10917191,,5.331453617,3.615950052,5.316815034,3.474216264,6.853201104,6.578107074,,0.032865585,0.017444051,0.050309636
12/4/2021,1,645,214567,4160,207427,2980,3580510,7131832,3785359,10917191,,5.331562929,3.619093331,5.316865286,3.474216264,6.853201104,6.578107074,,0.032865585,0.017444051,0.050309636
12/5/2021,1,646,214622,4192,207450,2980,3629527,7131832,3785359,10917191,,5.331674238,3.622421274,5.316913439,3.474216264,6.853201104,6.578107074,,0.032865585,0.017444051,0.050309636
12/6/2021,1,647,214789,4331,207478,2980,3629527,7131832,3785359,10917191,,5.332012036,3.636588184,5.316972053,3.474216264,6.853201104,6.578107074,,0.032865585,0.017444051,0.050309636
12/7/2021,1,648,214896,4421,207495,2980,3629527,7131832,3785359,10917191,,5.332228332,3.645520515,5.317007636,3.474216264,6.853201104,6.578107074,,0.032865585,0.017444051,0.050309636
12/8/2021,1,649,215164,4664,207520,2980,3629527,7131832,3785359,10917191,,5.332769609,3.668758542,5.317059959,3.474216264,6.853201104,6.578107074,,0.032865585,0.017444051,0.050309636
12/9/2021,1,650,215918,5318,207619,2981,3629527,7350443,3843337,11193780,,5.334288849,3.725748333,5.317267095,3.474361976,6.866313514,6.584708467,,0.033873009,0.01771123,0.05158424
12/10/2021,1,651,216451,5851,207619,2981,3629527,7350443,3843337,11193780,,5.335359597,3.767230098,5.317267095,3.474361976,6.866313514,6.584708467,,0.033873009,0.01771123,0.05158424
12/11/2021,1,652,217063,6379,207703,2981,3629527,7350443,3843337,11193780,,5.336585801,3.804752602,5.317442769,3.474361976,6.866313514,6.584708467,,0.033873009,0.01771123,0.05158424
12/12/2021,1,653,217481,6754,207746,2981,3686403,7894068,3969325,11863393,,5.337421321,3.829561056,5.317532671,3.474361976,6.897300863,6.598716659,,0.036378194,0.01829182,0.054670014
12/13/2021,1,654,217866,4807,210076,2983,3686403,7894068,3969325,11863393,,5.33818946,3.681874122,5.32237644,3.474653253,6.897300863,6.598716659,,0.036378194,0.01829182,0.054670014
12/14/2021,1,655,218596,4359,211254,2983,3686403,7894068,3969325,11863393,,5.339642211,3.639386869,5.324804941,3.474653253,6.897300863,6.598716659,,0.036378194,0.01829182,0.054670014
12/15/2021,1,656,220020,5745,211292,2983,3686403,8181113,4031004,12212117,,5.34246216,3.759290033,5.324883054,3.474653253,6.912812391,6.605413229,,0.037700982,0.018576055,0.056277037
12/16/2021,1,657,221071,6743,211345,2983,3686403,8181113,4031004,12212117,,5.344531776,3.82885316,5.324991978,3.474653253,6.912812391,6.605413229,,0.037700982,0.018576055,0.056277037
12/17/2021,1,658,222655,8298,211373,2984,3686403,8181113,4031004,12212117,,5.347632452,3.91897343,5.325049511,3.474798819,6.912812391,6.605413229,,0.037700982,0.018576055,0.056277037
12/18/2021,1,659,223483,8977,211522,2984,3686403,8181113,4031004,12212117,,5.349244493,3.953131225,5.325355544,3.474798819,6.912812391,6.605413229,,0.037700982,0.018576055,0.056277037
12/19/2021,1,660,223887,9365,211537,2985,3751696,8181113,4031004,12212117,,5.350028877,3.971507782,5.325386341,3.474944335,6.912812391,6.605413229,,0.037700982,0.018576055,0.056277037
12/20/2021,1,661,225255,10610,211660,2985,3751696,8811055,4153915,12964970,,5.35267444,4.025715384,5.325638792,3.474944335,6.945027912,6.618457605,,0.04060394,0.019142465,0.059746406
12/21/2021,1,662,227378,12628,211761,2989,3751696,8811055,4153915,12964970,,5.356748442,4.101334573,5.325845979,3.475525915,6.945027912,6.618457605,,0.04060394,0.019142465,0.059746406
12/22/2021,1,663,231413,16569,211853,2991,3751696,9242736,4244751,13487487,,5.364387752,4.219296298,5.326034618,3.475816413,6.965800548,6.627852219,,0.042593253,0.019561065,0.062154318
12/23/2021,1,664,233353,18322,212040,2991,3751696,9242736,4244751,13487487,,5.368013389,4.262972879,5.326417796,3.475816413,6.965800548,6.627852219,,0.042593253,0.019561065,0.062154318
12/24/2021,1,665,234709,19479,212237,2993,3751696,9242736,4244751,13487487,,5.370529743,4.289566658,5.326821098,3.476106717,6.965800548,6.627852219,,0.042593253,0.019561065,0.062154318
12/25/2021,1,666,236014,20643,212357,3014,3751696,9242736,4244751,13487487,,5.372937765,4.314772813,5.327066581,3.479143248,6.965800548,6.627852219,,0.042593253,0.019561065,0.062154318
12/26/2021,1,667,237561,21989,212550,3022,3823309,9242736,4244751,13487487,,5.375775145,4.342205479,5.327461109,3.48029446,6.965800548,6.627852219,,0.042593253,0.019561065,0.062154318
12/27/2021,1,668,238420,22626,212770,3024,3823309,9765729,4363620,14129349,,5.377342684,4.354607783,5.327910394,3.480581787,6.989704668,6.639846924,,0.045003359,0.020108848,0.065112207
12/28/2021,1,669,239019,22812,213180,3027,3823309,9765729,4363620,14129349,,5.378432425,4.358163363,5.328746458,3.481012421,6.989704668,6.639846924,,0.045003359,0.020108848,0.065112207
12/29/2021,1,670,240374,23855,213491,3028,3823309,9765729,4363620,14129349,,5.380887491,4.377579421,5.329379571,3.481155871,6.989704668,6.639846924,,0.045003359,0.020108848,0.065112207
12/30/2021,1,671,241513,24480,214003,3030,3823309,9861311,4380239,14241550,,5.382940513,4.388811413,5.330419862,3.481442629,6.993934656,6.641497808,,0.045443829,0.020185433,0.065629263
12/31/2021,1,672,242341,25014,214296,3031,3823309,10310476,4482899,14793375,,5.384426896,4.398183146,5.331014065,3.481585936,7.013278716,6.651558954,,0.047513714,0.020658521,0.068172235
1/1/2022,1,673,242877,25066,214778,3033,3823309,10310476,4482899,14793375,,5.38538639,4.399085035,5.331989794,3.48187241,7.013278716,6.651558954,,0.047513714,0.020658521,0.068172235
1/2/2022,1,674,243450,25059,215352,3039,3823309,10310476,4482899,14793375,,5.386409779,4.398963736,5.333148909,3.4827307,7.013278716,6.651558954,,0.047513714,0.020658521,0.068172235
1/3/2022,1,675,244120,24895,216180,3045,3823309,10310476,4482899,14793375,,5.387603361,4.396112131,5.334815513,3.483587297,7.013278716,6.651558954,,0.047513714,0.020658521,0.068172235
1/4/2022,1,676,244548,24681,216814,3053,3823309,10310476,4482899,14793375,,5.388364115,4.392362752,5.336087322,3.484726804,7.013278716,6.651558954,,0.047513714,0.020658521,0.068172235
1/5/2022,1,677,245404,25099,217247,3058,3823309,10310476,4482899,14793375,,5.389881637,4.399656419,5.336953788,3.485437481,7.013278716,6.651558954,,0.047513714,0.020658521,0.068172235
1/6/2022,1,678,246195,25620,217509,3066,3823309,10689964,4562815,15252779,,5.391279229,4.408579125,5.337477232,3.486572151,7.028976243,6.659232861,,0.049262507,0.021026797,0.070289304
1/7/2022,1,679,247009,26107,217832,3070,3863081,10689964,4562815,15252779,,5.392712777,4.416756969,5.338121679,3.487138375,7.028976243,6.659232861,,0.049262507,0.021026797,0.070289304
1/8/2022,1,680,247775,26277,218427,3071,3863081,10689964,4562815,15252779,,5.394057485,4.419575781,5.339306321,3.487279816,7.028976243,6.659232861,,0.049262507,0.021026797,0.070289304
1/9/2022,1,681,248312,26239,218996,3077,3933209,11738772,4785226,16523998,,5.394997708,4.41894728,5.340436182,3.488127496,7.069622667,6.679902454,,0.054095724,0.022051733,0.076147456
1/10/2022,1,682,248732,26168,219479,3085,3933209,11738772,4785226,16523998,,5.395731662,4.417770531,5.341392973,3.489255168,7.069622667,6.679902454,,0.054095724,0.022051733,0.076147456
1/11/2022,1,683,249154,25873,220195,3086,3933209,11738772,4785226,16523998,,5.396467864,4.412846789,5.342807453,3.489395922,7.069622667,6.679902454,,0.054095724,0.022051733,0.076147456
1/12/2022,1,684,249586,25655,220839,3092,3933209,12068803,4866103,16934906,,5.397220221,4.409172019,5.344075772,3.490239485,7.081664198,6.687181297,,0.055616604,0.022424438,0.078041041
1/13/2022,1,685,250009,25714,221203,3092,3933209,12068803,4866103,16934906,,5.397955643,4.41016964,5.344791013,3.490239485,7.081664198,6.687181297,,0.055616604,0.022424438,0.078041041
1/14/2022,1,686,250361,23774,223495,3092,3933209,12391384,4934418,17325802,,5.398566678,4.376102258,5.349267812,3.490239485,7.093119816,6.693235936,,0.057103152,0.022739253,0.079842406
1/15/2022,1,687,250628,23768,223765,3095,3933209,12391384,4934418,17325802,,5.399029588,4.375992639,5.349792158,3.490660653,7.093119816,6.693235936,,0.057103152,0.022739253,0.079842406
1/16/2022,1,688,250929,23774,224052,3103,3992846,12722289,5006267,17728556,,5.399550856,4.376102258,5.350348825,3.491781776,7.104565257,6.699514008,,0.05862806,0.023070355,0.081698415
1/17/2022,1,689,251178,23439,224629,3110,3992846,12722289,5006267,17728556,,5.399981598,4.369939079,5.351465824,3.492760389,7.104565257,6.699514008,,0.05862806,0.023070355,0.081698415
1/18/2022,1,690,251341,23286,224939,3116,3992846,13163729,5076453,18240182,,5.400263339,4.367094893,5.35206476,3.493597449,7.119378933,6.70556037,,0.060662346,0.023393793,0.084056138
1/19/2022,1,691,251571,23174,225280,3117,3992846,13163729,5076453,18240182,,5.400660576,4.365001003,5.352722637,3.493736802,7.119378933,6.70556037,,0.060662346,0.023393793,0.084056138
1/20/2022,1,692,251694,23116,225455,3123,3992846,13163729,5076453,18240182,,5.400872863,4.363912686,5.353059871,3.494571984,7.119378933,6.70556037,,0.060662346,0.023393793,0.084056138
1/21/2022,1,693,251930,22900,225906,3124,3992846,13163729,5076453,18240182,,5.401279887,4.359835482,5.353927766,3.494711025,7.119378933,6.70556037,,0.060662346,0.023393793,0.084056138
1/22/2022,1,694,251959,22889,225946,3124,3992846,13772458,5199824,18972282,,5.401329876,4.359626819,5.354004657,3.494711025,7.139011457,6.715988644,,0.063467548,0.023962323,0.087429871
1/23/2022,1,695,252187,22655,226408,3124,4055877,13921810,5225083,19146893,,5.401722695,4.355164067,5.354891768,3.494711025,7.143695702,6.718093194,,0.064155806,0.024078724,0.08823453
1/24/2022,1,696,252428,22298,227004,3126,4055877,13921810,5225083,19146893,,5.402137526,4.348265911,5.35603351,3.494988974,7.143695702,6.718093194,,0.064155806,0.024078724,0.08823453
1/25/2022,1,697,252678,22054,227491,3133,4055877,13921810,5225083,19146893,,5.402567431,4.34348737,5.35696422,3.495960395,7.143695702,6.718093194,,0.064155806,0.024078724,0.08823453
1/26/2022,1,698,252753,21482,228137,3134,4055877,13921810,5225083,19146893,,5.402696319,4.332074712,5.358195726,3.496098992,7.143695702,6.718093194,,0.064155806,0.024078724,0.08823453
1/27/2022,1,699,252840,21302,228404,3134,4055877,13921810,5225083,19146893,,5.402845782,4.32842038,5.358703705,3.496098992,7.143695702,6.718093194,,0.064155806,0.024078724,0.08823453
1/28/2022,1,700,252912,21146,228632,3134,4055877,13921810,5225083,19146893,,5.402969436,4.325228228,5.359137015,3.496098992,7.143695702,6.718093194,,0.064155806,0.024078724,0.08823453
1/29/2022,1,701,253001,21164,228702,3135,4055877,14834559,5446849,20281408,,5.403122238,4.325597753,5.359269963,3.496237545,7.17127464,6.736145336,,0.068362023,0.025100687,0.09346271
1/30/2022,1,702,253023,20869,229019,3135,4116369,14834559,5446849,20281408,,5.403160001,4.319501639,5.359871514,3.496237545,7.17127464,6.736145336,,0.068362023,0.025100687,0.09346271
1/31/2022,1,703,253181,20730,229315,3136,4116369,14834559,5446849,20281408,,5.403431111,4.316599302,5.360432464,3.496376054,7.17127464,6.736145336,,0.068362023,0.025100687,0.09346271
2/1/2022,1,704,253340,20554,229650,3136,4116369,14834559,5446849,20281408,,5.403703766,4.312896352,5.36106645,3.496376054,7.17127464,6.736145336,,0.068362023,0.025100687,0.09346271
2/2/2022,1,705,253405,20593,229676,3136,4116369,14834559,5446849,20281408,,5.40381518,4.313719619,5.361115616,3.496376054,7.17127464,6.736145336,,0.068362023,0.025100687,0.09346271
2/3/2022,1,706,253505,20476,229893,3136,4116369,14834559,5446849,20281408,,5.40398653,4.311245121,5.361525748,3.496376054,7.17127464,6.736145336,,0.068362023,0.025100687,0.09346271
2/4/2022,1,707,253540,20422,229982,3136,4116369,14834559,5446849,20281408,,5.404046486,4.310098272,5.361693846,3.496376054,7.17127464,6.736145336,,0.068362023,0.025100687,0.09346271
2/5/2022,1,708,253685,20420,230126,3139,4116369,14834559,5446849,20281408,,5.404294789,4.310055738,5.361965689,3.496791316,7.17127464,6.736145336,,0.068362023,0.025100687,0.09346271
2/6/2022,1,709,253727,20543,230045,3139,4177940,14834559,5446849,20281408,,5.404366685,4.312663866,5.361812798,3.496791316,7.17127464,6.736145336,,0.068362023,0.025100687,0.09346271
2/7/2022,1,710,253780,20497,230144,3139,4177940,14834559,5446849,20281408,,5.404457393,4.311690301,5.361999657,3.496791316,7.17127464,6.736145336,,0.068362023,0.025100687,0.09346271
2/8/2022,1,711,253838,20488,230211,3139,4177940,14834559,5446849,20281408,,5.404556637,4.311499565,5.362126071,3.496791316,7.17127464,6.736145336,,0.068362023,0.025100687,0.09346271
2/9/2022,1,712,253875,20515,230221,3139,4177940,14834559,5446849,20281408,,5.404619936,4.312071521,5.362144936,3.496791316,7.17127464,6.736145336,,0.068362023,0.025100687,0.09346271
2/10/2022,1,713,253923,20491,230293,3139,4177940,14834559,5446849,20281408,,5.40470204,4.311563153,5.362280737,3.496791316,7.17127464,6.736145336,,0.068362023,0.025100687,0.09346271
2/11/2022,1,714,253970,20513,230317,3140,4177940,14834559,5446849,20281408,,5.404782419,4.31202918,5.362325995,3.496929648,7.17127464,6.736145336,,0.068362023,0.025100687,0.09346271
2/12/2022,1,715,253978,20514,230323,3141,4177940,14834559,5446849,20281408,,5.404796099,4.312050351,5.362337309,3.497067936,7.17127464,6.736145336,,0.068362023,0.025100687,0.09346271
2/13/2022,1,716,254016,20478,230397,3141,4177940,14834559,5446849,20281408,,5.404861073,4.311287539,5.36247682,3.497067936,7.17127464,6.736145336,,0.068362023,0.025100687,0.09346271
2/14/2022,1,717,254091,20493,230457,3141,4177940,14834559,5446849,20281408,,5.404989282,4.31160554,5.362589904,3.497067936,7.17127464,6.736145336,,0.068362023,0.025100687,0.09346271
2/15/2022,1,718,254124,20511,230472,3141,4177940,14834559,5446849,20281408,,5.405045683,4.311986835,5.362618171,3.497067936,7.17127464,6.736145336,,0.068362023,0.025100687,0.09346271
2/16/2022,1,719,254137,20517,230479,3141,4177940,14834559,5446849,20281408,,5.405067899,4.312113858,5.362631361,3.497067936,7.17127464,6.736145336,,0.068362023,0.025100687,0.09346271
2/17/2022,1,720,254182,20511,230530,3141,4177940,14834559,5446849,20281408,,5.405144793,4.311986835,5.36272745,3.497067936,7.17127464,6.736145336,,0.068362023,0.025100687,0.09346271
2/18/2022,1,721,254221,20530,230549,3142,4177940,14834559,5446849,20281408,,5.405211423,4.312388949,5.362763243,3.497206181,7.17127464,6.736145336,,0.068362023,0.025100687,0.09346271
2/19/2022,1,722,254243,20514,230587,3142,4177940,14834559,5446849,20281408,,5.405249004,4.312050351,5.362834819,3.497206181,7.17127464,6.736145336,,0.068362023,0.025100687,0.09346271
2/20/2022,1,723,254293,20396,230755,3142,4177940,14834559,5446849,20281408,,5.405334405,4.309545003,5.36315112,3.497206181,7.17127464,6.736145336,,0.068362023,0.025100687,0.09346271
